
cat:     file format elf64-littleriscv
cat
architecture: riscv:rv64, flags 0x00000112:
EXEC_P, HAS_SYMS, D_PAGED
start address 0x0000000070000000

Program Header:
0x70000003 off    0x0000000000004370 vaddr 0x0000000000000000 paddr 0x0000000000000000 align 2**0
         filesz 0x0000000000000063 memsz 0x0000000000000000 flags r--
    LOAD off    0x0000000000001000 vaddr 0x0000000070000000 paddr 0x0000000000001000 align 2**12
         filesz 0x0000000000002e6a memsz 0x0000000000002e6a flags r-x
    LOAD off    0x0000000000003e6c vaddr 0x0000000070002e6c paddr 0x0000000000003e6a align 2**12
         filesz 0x0000000000000504 memsz 0x0000000000000504 flags rw-

Sections:
Idx Name              Size      VMA               LMA               File off  Algn  Flags
  0 .text             00002e6a  0000000070000000  0000000000001000  00001000  2**3  CONTENTS, ALLOC, LOAD, READONLY, CODE
  1 .data             00000504  0000000070002e6c  0000000000003e6a  00003e6c  2**2  CONTENTS, ALLOC, LOAD, DATA
  2 .riscv.attributes 00000063  0000000000000000  0000000000000000  00004370  2**0  CONTENTS, READONLY
  3 .comment          00000034  0000000000000000  0000000000000000  000043d3  2**0  CONTENTS, READONLY
  4 .debug_line       00002d35  0000000000000000  0000000000000000  00004407  2**0  CONTENTS, READONLY, DEBUGGING, OCTETS
  5 .debug_line_str   0000016c  0000000000000000  0000000000000000  0000713c  2**0  CONTENTS, READONLY, DEBUGGING, OCTETS
  6 .debug_info       00002a34  0000000000000000  0000000000000000  000072a8  2**0  CONTENTS, READONLY, DEBUGGING, OCTETS
  7 .debug_abbrev     0000109c  0000000000000000  0000000000000000  00009cdc  2**0  CONTENTS, READONLY, DEBUGGING, OCTETS
  8 .debug_aranges    000002d0  0000000000000000  0000000000000000  0000ad80  2**4  CONTENTS, READONLY, DEBUGGING, OCTETS
  9 .debug_str        0000080a  0000000000000000  0000000000000000  0000b050  2**0  CONTENTS, READONLY, DEBUGGING, OCTETS
 10 .debug_frame      00000df0  0000000000000000  0000000000000000  0000b860  2**3  CONTENTS, READONLY, DEBUGGING, OCTETS
 11 .debug_rnglists   00000059  0000000000000000  0000000000000000  0000c650  2**0  CONTENTS, READONLY, DEBUGGING, OCTETS
SYMBOL TABLE:
0000000070000000 l    d  .text	0000000000000000 .text
0000000070002e6c l    d  .data	0000000000000000 .data
0000000000000000 l    d  .riscv.attributes	0000000000000000 .riscv.attributes
0000000000000000 l    d  .comment	0000000000000000 .comment
0000000000000000 l    d  .debug_line	0000000000000000 .debug_line
0000000000000000 l    d  .debug_line_str	0000000000000000 .debug_line_str
0000000000000000 l    d  .debug_info	0000000000000000 .debug_info
0000000000000000 l    d  .debug_abbrev	0000000000000000 .debug_abbrev
0000000000000000 l    d  .debug_aranges	0000000000000000 .debug_aranges
0000000000000000 l    d  .debug_str	0000000000000000 .debug_str
0000000000000000 l    d  .debug_frame	0000000000000000 .debug_frame
0000000000000000 l    d  .debug_rnglists	0000000000000000 .debug_rnglists
0000000000000000 l    df *ABS*	0000000000000000 ccBF1uF6.o
0000000000000000 l    df *ABS*	0000000000000000 ccBRjReT.o
0000000000000000 l    df *ABS*	0000000000000000 ccY68xqm.o
0000000000000000 l    df *ABS*	0000000000000000 crt1.c
0000000000000000 l    df *ABS*	0000000000000000 string.c
0000000000000000 l    df *ABS*	0000000000000000 string2.c
0000000000000000 l    df *ABS*	0000000000000000 stdio.c
0000000070002e90 l     O .data	0000000000000018 dev
000000007000077e l     F .text	00000000000000c2 print_unsigned
0000000000000000 l    df *ABS*	0000000000000000 dir.c
0000000000000000 l    df *ABS*	0000000000000000 blockpixel.c
00000000700011ee l     F .text	000000000000003c idx
000000007000122a l     F .text	000000000000008a bp_render_pair
0000000000000000 l    df *ABS*	0000000000000000 window1.c
0000000000000000 l    df *ABS*	0000000000000000 window2.c
0000000000000000 l    df *ABS*	0000000000000000 putchar.c
0000000070002ea8 l     O .data	0000000000000368 window
0000000070003210 l     O .data	0000000000000004 initialized
0000000070001f22 l     F .text	000000000000004a init
0000000000000000 l    df *ABS*	0000000000000000 malloc.c
0000000070003218 l     O .data	0000000000000008 free_list
0000000070003220 l     O .data	0000000000000008 brk
0000000000000000 l    df *ABS*	0000000000000000 thread.c
0000000070003228 l     O .data	0000000000000100 input_q
0000000070003328 l     O .data	0000000000000004 input_q_head
000000007000332c l     O .data	0000000000000004 input_q_tail
0000000070003330 l     O .data	0000000000000004 input_q_count
0000000070003338 l     O .data	0000000000000008 runnable_queue
0000000070003340 l     O .data	0000000000000008 sleeping_queue
0000000070003348 l     O .data	0000000000000008 waiting_input
0000000070003350 l     O .data	0000000000000008 current_thread
0000000070003358 l     O .data	0000000000000008 zombie_list
0000000070003360 l     O .data	0000000000000004 next_tid
0000000070002200 l     F .text	0000000000000076 enqueue_runnable
0000000070002276 l     F .text	0000000000000042 dequeue_runnable
00000000700022b8 l     F .text	00000000000000cc enqueue_sleeping
0000000070002384 l     F .text	0000000000000072 wakeup_sleeping_threads
00000000700023f6 l     F .text	000000000000006e try_wakeup_input
00000000700024ee l     F .text	0000000000000084 input_q_pop
0000000070002464 l     F .text	000000000000008a input_q_push
0000000070002572 l     F .text	0000000000000064 reap_zombies
00000000700025d6 l     F .text	0000000000000232 schedule
0000000070003368 l     O .data	0000000000000008 dummy_sp.0
0000000000000000 l    df *ABS*	0000000000000000 cat.c
0000000070001f6c g     F .text	0000000000000036 putchar
0000000070002bd4 g     F .text	000000000000004a sema_create
00000000700001c2 g     F .text	000000000000004e strcpy
0000000070000bee g     F .text	000000000000005a printf
0000000070000800 g       *ABS*	0000000000000000 __global_pointer$
0000000070002e78 g     O .data	0000000000000008 stdout
0000000070002b6c g     F .text	0000000000000068 thread_exit
00000000700017c0 g     F .text	0000000000000096 window_init
0000000070000530 g     F .text	00000000000000d8 memmove
0000000070000024 g       .text	0000000000000000 user_spawn
0000000070000e10 g     F .text	000000000000006c fgets
0000000070000608 g     F .text	0000000000000034 memcpy
000000007000108e g     F .text	00000000000000d4 dir_delete
0000000070001fa2 g     F .text	0000000000000040 readline
0000000070000074 g       .text	0000000000000000 ctx_switch
000000007000002c g       .text	0000000000000000 user_put
0000000070000000 g       *ABS*	0000000000000000 flat_vaddr
0000000070000e7c g     F .text	000000000000001c feof
0000000070001fe2 g     F .text	00000000000000e0 malloc
00000000700019c2 g     F .text	00000000000001ca window_putchar
000000007000004c g       .text	0000000000000000 user_write
0000000070000e98 g     F .text	0000000000000016 fflush
0000000000001000 g       *ABS*	0000000000000000 flat_file_off
000000007000283e g     F .text	0000000000000134 thread_init
0000000070000f8e g     F .text	0000000000000100 dir_create
0000000070003370 g       .data	0000000000000000 __bss_end
0000000070000054 g       .text	0000000000000000 user_size
0000000070002b00 g     F .text	000000000000006c thread_get
0000000070002c1e g     F .text	000000000000006c sema_inc
00000000700003fa g     F .text	000000000000004a strnlen
0000000070000388 g     F .text	0000000000000072 strrchr
00000000700020c2 g     F .text	0000000000000056 calloc
0000000070001b8c g     F .text	0000000000000396 window_readline
0000000070000b24 g     F .text	0000000000000054 fprintf
0000000070001356 g     F .text	0000000000000258 bp_put
00000000700015ae g     F .text	0000000000000212 bp_flush
0000000070002abe g     F .text	0000000000000042 thread_sleep
0000000070000014 g       .text	0000000000000000 user_exit
00000000700012b4 g     F .text	00000000000000a2 bp_init
00000000700004ca g     F .text	0000000000000066 memchr
0000000070002e70 g     O .data	0000000000000008 stdin
0000000070000000 g       .text	0000000000000000 _start
00000000700002e0 g     F .text	00000000000000a8 strstr
0000000070002d6e g     F .text	000000000000008a read
0000000070000000 g       .text	0000000000000000 _image_start
0000000070000210 g     F .text	0000000000000090 strncpy
0000000070002118 g     F .text	00000000000000a2 realloc
0000000070001856 g     F .text	000000000000008c window_sync
0000000070000444 g     F .text	0000000000000086 memcmp
0000000070002c8a g     F .text	000000000000007e sema_dec
000000007000006c g       .text	0000000000000000 user_sleep
0000000070000c48 g     F .text	00000000000000fe fopen
0000000070002e90 g       .data	0000000000000000 __bss_start
0000000070002808 g     F .text	0000000000000036 exec_user
000000007000063c g     F .text	0000000000000054 memset
0000000070002df8 g     F .text	000000000000005a main
0000000070000034 g       .text	0000000000000000 user_get
00000000700000b4 g       .text	0000000000000000 ctx_start
0000000070000eae g     F .text	000000000000001e clearerr
0000000070000ecc g     F .text	000000000000002e fclose
000000007000011a g     F .text	00000000000000a8 strcmp
000000007000001c g       .text	0000000000000000 user_yield
0000000070000b78 g     F .text	0000000000000076 sprintf
0000000070002e80 g     O .data	0000000000000008 stderr
00000000700000e0 g     F .text	000000000000003a _crt_init
0000000070002a84 g     F .text	000000000000003a thread_yield
0000000070000044 g       .text	0000000000000000 user_read
0000000070000690 g     F .text	00000000000000a6 fputc
000000007000005c g       .text	0000000000000000 user_delete
000000007000003c g       .text	0000000000000000 user_create
0000000070003370 g       .data	0000000000000000 _image_end
0000000070002d08 g     F .text	0000000000000066 sema_release
0000000070000efa g     F .text	0000000000000094 dir_lookup
00000000700018e2 g     F .text	00000000000000e0 window_scroll
0000000070000064 g       .text	0000000000000000 user_gettime
00000000700002a0 g     F .text	0000000000000040 strlen
0000000070001162 g     F .text	000000000000008c dir_list
0000000070002972 g     F .text	0000000000000112 thread_create
0000000070000736 g     F .text	0000000000000048 fputs
0000000000003e6a g       *ABS*	0000000000000000 text_file_end
0000000070000d46 g     F .text	00000000000000ca freadline
0000000070000840 g     F .text	00000000000002e4 vfprintf
00000000700021ba g     F .text	0000000000000046 free



Disassembly of section .text:

0000000070000000 <_image_start>:
_start():
/embryos/chapter12/apps/crt0.s:5
.globl _start
_start:
    .option push
    .option norelax
    la      gp, __global_pointer$
    70000000:	00001197          	auipc	gp,0x1
    70000004:	80018193          	addi	gp,gp,-2048 # 70000800 <__global_pointer$>
/embryos/chapter12/apps/crt0.s:8
    .option pop

    mv      a0, sp
    70000008:	850a                	mv	a0,sp
/embryos/chapter12/apps/crt0.s:9
    call    _crt_init
    7000000a:	00000097          	auipc	ra,0x0
    7000000e:	0d6080e7          	jalr	214(ra) # 700000e0 <_crt_init>
	...

0000000070000014 <user_exit>:
user_exit():
/embryos/chapter12/apps/syslib.S:13
    .globl user_sleep

    # void user_exit(void);

user_exit:
    li      a7, SYS_EXIT
    70000014:	4881                	li	a7,0
/embryos/chapter12/apps/syslib.S:14
    ecall
    70000016:	00000073          	ecall
/embryos/chapter12/apps/syslib.S:15
    ret
    7000001a:	8082                	ret

000000007000001c <user_yield>:
user_yield():
/embryos/chapter12/apps/syslib.S:19

    # void user_yield(void);
user_yield:
    li      a7, SYS_YIELD
    7000001c:	4885                	li	a7,1
/embryos/chapter12/apps/syslib.S:20
    ecall
    7000001e:	00000073          	ecall
/embryos/chapter12/apps/syslib.S:21
    ret
    70000022:	8082                	ret

0000000070000024 <user_spawn>:
user_spawn():
/embryos/chapter12/apps/syslib.S:26

    # void user_spawn(int app, int row, char col, int wd, int ht,
    #                 const void *args, int sz)
user_spawn:
    li      a7, SYS_SPAWN
    70000024:	4889                	li	a7,2
/embryos/chapter12/apps/syslib.S:27
    ecall
    70000026:	00000073          	ecall
/embryos/chapter12/apps/syslib.S:28
    ret
    7000002a:	8082                	ret

000000007000002c <user_put>:
user_put():
/embryos/chapter12/apps/syslib.S:32

    # void user_put(int row, int col, cell_t cell)
user_put:
    li      a7, SYS_PUT
    7000002c:	4891                	li	a7,4
/embryos/chapter12/apps/syslib.S:33
    ecall
    7000002e:	00000073          	ecall
/embryos/chapter12/apps/syslib.S:34
    ret
    70000032:	8082                	ret

0000000070000034 <user_get>:
user_get():
/embryos/chapter12/apps/syslib.S:38

    # int user_get(int block)
user_get:
    li      a7, SYS_GET
    70000034:	488d                	li	a7,3
/embryos/chapter12/apps/syslib.S:39
    ecall
    70000036:	00000073          	ecall
/embryos/chapter12/apps/syslib.S:40
    ret
    7000003a:	8082                	ret

000000007000003c <user_create>:
user_create():
/embryos/chapter12/apps/syslib.S:44

    # int user_create(void)
user_create:
    li      a7, SYS_CREATE
    7000003c:	4895                	li	a7,5
/embryos/chapter12/apps/syslib.S:45
    ecall
    7000003e:	00000073          	ecall
/embryos/chapter12/apps/syslib.S:46
    ret
    70000042:	8082                	ret

0000000070000044 <user_read>:
user_read():
/embryos/chapter12/apps/syslib.S:50

    # int user_read(int file, int off, void* dst, int n)
user_read:
    li      a7, SYS_READ
    70000044:	4899                	li	a7,6
/embryos/chapter12/apps/syslib.S:51
    ecall
    70000046:	00000073          	ecall
/embryos/chapter12/apps/syslib.S:52
    ret
    7000004a:	8082                	ret

000000007000004c <user_write>:
user_write():
/embryos/chapter12/apps/syslib.S:56

    # int user_write(int file, int off, const void* src, int n)
user_write:
    li      a7, SYS_WRITE
    7000004c:	489d                	li	a7,7
/embryos/chapter12/apps/syslib.S:57
    ecall
    7000004e:	00000073          	ecall
/embryos/chapter12/apps/syslib.S:58
    ret
    70000052:	8082                	ret

0000000070000054 <user_size>:
user_size():
/embryos/chapter12/apps/syslib.S:62

    # int user_size(int file)
user_size:
    li      a7, SYS_SIZE
    70000054:	48a1                	li	a7,8
/embryos/chapter12/apps/syslib.S:63
    ecall
    70000056:	00000073          	ecall
/embryos/chapter12/apps/syslib.S:64
    ret
    7000005a:	8082                	ret

000000007000005c <user_delete>:
user_delete():
/embryos/chapter12/apps/syslib.S:68

    # void user_delete(int file)
user_delete:
    li      a7, SYS_DELETE
    7000005c:	48a5                	li	a7,9
/embryos/chapter12/apps/syslib.S:69
    ecall
    7000005e:	00000073          	ecall
/embryos/chapter12/apps/syslib.S:70
    ret
    70000062:	8082                	ret

0000000070000064 <user_gettime>:
user_gettime():
/embryos/chapter12/apps/syslib.S:73

user_gettime:
    li      a7, SYS_GETTIME
    70000064:	48a9                	li	a7,10
/embryos/chapter12/apps/syslib.S:74
    ecall
    70000066:	00000073          	ecall
/embryos/chapter12/apps/syslib.S:75
    ret
    7000006a:	8082                	ret

000000007000006c <user_sleep>:
user_sleep():
/embryos/chapter12/apps/syslib.S:78

user_sleep:
    li    a7, SYS_SLEEP
    7000006c:	48ad                	li	a7,11
/embryos/chapter12/apps/syslib.S:79
    ecall 
    7000006e:	00000073          	ecall
/embryos/chapter12/apps/syslib.S:80
    ret
    70000072:	8082                	ret

0000000070000074 <ctx_switch>:
ctx_switch():
/embryos/chapter12/apps/../shared/ctx.S:17
    .globl ctx_switch, ctx_start

# void ctx_switch(void **old_sp, void *new_sp)
#   Saves current context into *old_sp, switches to new_sp, restores.
ctx_switch:
    addi sp, sp, -(16*WORD_SIZE)
    70000074:	7119                	addi	sp,sp,-128
/embryos/chapter12/apps/../shared/ctx.S:19

    REG_S s0,  1*WORD_SIZE(sp)
    70000076:	e422                	sd	s0,8(sp)
/embryos/chapter12/apps/../shared/ctx.S:20
    REG_S s1,  2*WORD_SIZE(sp)
    70000078:	e826                	sd	s1,16(sp)
/embryos/chapter12/apps/../shared/ctx.S:21
    REG_S s2,  3*WORD_SIZE(sp)
    7000007a:	ec4a                	sd	s2,24(sp)
/embryos/chapter12/apps/../shared/ctx.S:22
    REG_S s3,  4*WORD_SIZE(sp)
    7000007c:	f04e                	sd	s3,32(sp)
/embryos/chapter12/apps/../shared/ctx.S:23
    REG_S s4,  5*WORD_SIZE(sp)
    7000007e:	f452                	sd	s4,40(sp)
/embryos/chapter12/apps/../shared/ctx.S:24
    REG_S s5,  6*WORD_SIZE(sp)
    70000080:	f856                	sd	s5,48(sp)
/embryos/chapter12/apps/../shared/ctx.S:25
    REG_S s6,  7*WORD_SIZE(sp)
    70000082:	fc5a                	sd	s6,56(sp)
/embryos/chapter12/apps/../shared/ctx.S:26
    REG_S s7,  8*WORD_SIZE(sp)
    70000084:	e0de                	sd	s7,64(sp)
/embryos/chapter12/apps/../shared/ctx.S:27
    REG_S s8,  9*WORD_SIZE(sp)
    70000086:	e4e2                	sd	s8,72(sp)
/embryos/chapter12/apps/../shared/ctx.S:28
    REG_S s9, 10*WORD_SIZE(sp)
    70000088:	e8e6                	sd	s9,80(sp)
/embryos/chapter12/apps/../shared/ctx.S:29
    REG_S s10,11*WORD_SIZE(sp)
    7000008a:	ecea                	sd	s10,88(sp)
/embryos/chapter12/apps/../shared/ctx.S:30
    REG_S s11,12*WORD_SIZE(sp)
    7000008c:	f0ee                	sd	s11,96(sp)
/embryos/chapter12/apps/../shared/ctx.S:31
    REG_S ra,  0*WORD_SIZE(sp)
    7000008e:	e006                	sd	ra,0(sp)
/embryos/chapter12/apps/../shared/ctx.S:33

    REG_S sp, 0(a0)          # *old_sp = current sp
    70000090:	00253023          	sd	sp,0(a0)
/embryos/chapter12/apps/../shared/ctx.S:34
    mv sp, a1                # switch to new stack
    70000094:	812e                	mv	sp,a1
/embryos/chapter12/apps/../shared/ctx.S:36

    REG_L ra,  0*WORD_SIZE(sp)
    70000096:	6082                	ld	ra,0(sp)
/embryos/chapter12/apps/../shared/ctx.S:37
    REG_L s0,  1*WORD_SIZE(sp)
    70000098:	6422                	ld	s0,8(sp)
/embryos/chapter12/apps/../shared/ctx.S:38
    REG_L s1,  2*WORD_SIZE(sp)
    7000009a:	64c2                	ld	s1,16(sp)
/embryos/chapter12/apps/../shared/ctx.S:39
    REG_L s2,  3*WORD_SIZE(sp)
    7000009c:	6962                	ld	s2,24(sp)
/embryos/chapter12/apps/../shared/ctx.S:40
    REG_L s3,  4*WORD_SIZE(sp)
    7000009e:	7982                	ld	s3,32(sp)
/embryos/chapter12/apps/../shared/ctx.S:41
    REG_L s4,  5*WORD_SIZE(sp)
    700000a0:	7a22                	ld	s4,40(sp)
/embryos/chapter12/apps/../shared/ctx.S:42
    REG_L s5,  6*WORD_SIZE(sp)
    700000a2:	7ac2                	ld	s5,48(sp)
/embryos/chapter12/apps/../shared/ctx.S:43
    REG_L s6,  7*WORD_SIZE(sp)
    700000a4:	7b62                	ld	s6,56(sp)
/embryos/chapter12/apps/../shared/ctx.S:44
    REG_L s7,  8*WORD_SIZE(sp)
    700000a6:	6b86                	ld	s7,64(sp)
/embryos/chapter12/apps/../shared/ctx.S:45
    REG_L s8,  9*WORD_SIZE(sp)
    700000a8:	6c26                	ld	s8,72(sp)
/embryos/chapter12/apps/../shared/ctx.S:46
    REG_L s9, 10*WORD_SIZE(sp)
    700000aa:	6cc6                	ld	s9,80(sp)
/embryos/chapter12/apps/../shared/ctx.S:47
    REG_L s10,11*WORD_SIZE(sp)
    700000ac:	6d66                	ld	s10,88(sp)
/embryos/chapter12/apps/../shared/ctx.S:48
    REG_L s11,12*WORD_SIZE(sp)
    700000ae:	7d86                	ld	s11,96(sp)
/embryos/chapter12/apps/../shared/ctx.S:50

    addi sp, sp, (16*WORD_SIZE)
    700000b0:	6109                	addi	sp,sp,128
/embryos/chapter12/apps/../shared/ctx.S:51
    ret
    700000b2:	8082                	ret

00000000700000b4 <ctx_start>:
ctx_start():
/embryos/chapter12/apps/../shared/ctx.S:56

# void ctx_start(void **save_sp, void *new_sp)
#   Saves current sp, switches to new stack, and calls exec_user().
ctx_start:
    addi sp, sp, -(16*WORD_SIZE)
    700000b4:	7119                	addi	sp,sp,-128
/embryos/chapter12/apps/../shared/ctx.S:58

    REG_S s0,  1*WORD_SIZE(sp)
    700000b6:	e422                	sd	s0,8(sp)
/embryos/chapter12/apps/../shared/ctx.S:59
    REG_S s1,  2*WORD_SIZE(sp)
    700000b8:	e826                	sd	s1,16(sp)
/embryos/chapter12/apps/../shared/ctx.S:60
    REG_S s2,  3*WORD_SIZE(sp)
    700000ba:	ec4a                	sd	s2,24(sp)
/embryos/chapter12/apps/../shared/ctx.S:61
    REG_S s3,  4*WORD_SIZE(sp)
    700000bc:	f04e                	sd	s3,32(sp)
/embryos/chapter12/apps/../shared/ctx.S:62
    REG_S s4,  5*WORD_SIZE(sp)
    700000be:	f452                	sd	s4,40(sp)
/embryos/chapter12/apps/../shared/ctx.S:63
    REG_S s5,  6*WORD_SIZE(sp)
    700000c0:	f856                	sd	s5,48(sp)
/embryos/chapter12/apps/../shared/ctx.S:64
    REG_S s6,  7*WORD_SIZE(sp)
    700000c2:	fc5a                	sd	s6,56(sp)
/embryos/chapter12/apps/../shared/ctx.S:65
    REG_S s7,  8*WORD_SIZE(sp)
    700000c4:	e0de                	sd	s7,64(sp)
/embryos/chapter12/apps/../shared/ctx.S:66
    REG_S s8,  9*WORD_SIZE(sp)
    700000c6:	e4e2                	sd	s8,72(sp)
/embryos/chapter12/apps/../shared/ctx.S:67
    REG_S s9, 10*WORD_SIZE(sp)
    700000c8:	e8e6                	sd	s9,80(sp)
/embryos/chapter12/apps/../shared/ctx.S:68
    REG_S s10,11*WORD_SIZE(sp)
    700000ca:	ecea                	sd	s10,88(sp)
/embryos/chapter12/apps/../shared/ctx.S:69
    REG_S s11,12*WORD_SIZE(sp)
    700000cc:	f0ee                	sd	s11,96(sp)
/embryos/chapter12/apps/../shared/ctx.S:70
    REG_S ra,  0*WORD_SIZE(sp)
    700000ce:	e006                	sd	ra,0(sp)
/embryos/chapter12/apps/../shared/ctx.S:72

    REG_S sp, 0(a0)          # *save_sp = current sp
    700000d0:	00253023          	sd	sp,0(a0)
/embryos/chapter12/apps/../shared/ctx.S:73
    mv sp, a1                # switch to new stack
    700000d4:	812e                	mv	sp,a1
/embryos/chapter12/apps/../shared/ctx.S:74
    la a0, exec_user
    700000d6:	00002517          	auipc	a0,0x2
    700000da:	73250513          	addi	a0,a0,1842 # 70002808 <exec_user>
/embryos/chapter12/apps/../shared/ctx.S:75
    jalr a0                  # call exec_user() (doesn't return)
    700000de:	9502                	jalr	a0

00000000700000e0 <_crt_init>:
_crt_init():
/embryos/chapter12/apps/crt1.c:4
#include <stdint.h>
#include "syslib.h"

void _crt_init(char **argv) {
    700000e0:	1101                	addi	sp,sp,-32
    700000e2:	ec06                	sd	ra,24(sp)
    700000e4:	e822                	sd	s0,16(sp)
    700000e6:	1000                	addi	s0,sp,32
    700000e8:	fea43423          	sd	a0,-24(s0)
/embryos/chapter12/apps/crt1.c:6
    extern int main(int argc, char **argv);
    (void) main((uintptr_t) argv[0], argv + 1);
    700000ec:	fe843783          	ld	a5,-24(s0)
    700000f0:	639c                	ld	a5,0(a5)
    700000f2:	0007871b          	sext.w	a4,a5
    700000f6:	fe843783          	ld	a5,-24(s0)
    700000fa:	07a1                	addi	a5,a5,8
    700000fc:	85be                	mv	a1,a5
    700000fe:	853a                	mv	a0,a4
    70000100:	00003097          	auipc	ra,0x3
    70000104:	cf8080e7          	jalr	-776(ra) # 70002df8 <main>
/embryos/chapter12/apps/crt1.c:7
    user_exit();
    70000108:	00000097          	auipc	ra,0x0
    7000010c:	f0c080e7          	jalr	-244(ra) # 70000014 <user_exit>
/embryos/chapter12/apps/crt1.c:8
}
    70000110:	0001                	nop
    70000112:	60e2                	ld	ra,24(sp)
    70000114:	6442                	ld	s0,16(sp)
    70000116:	6105                	addi	sp,sp,32
    70000118:	8082                	ret

000000007000011a <strcmp>:
strcmp():
/embryos/chapter12/apps/../shared/string.c:3
#include "string.h"

int strcmp(const char *p, const char *q) {
    7000011a:	1101                	addi	sp,sp,-32
    7000011c:	ec06                	sd	ra,24(sp)
    7000011e:	e822                	sd	s0,16(sp)
    70000120:	1000                	addi	s0,sp,32
    70000122:	fea43423          	sd	a0,-24(s0)
    70000126:	feb43023          	sd	a1,-32(s0)
/embryos/chapter12/apps/../shared/string.c:4
    while (*p != 0 && *q != 0 && *p == *q) { p++; q++; }
    7000012a:	a819                	j	70000140 <strcmp+0x26>
/embryos/chapter12/apps/../shared/string.c:4 (discriminator 4)
    7000012c:	fe843783          	ld	a5,-24(s0)
    70000130:	0785                	addi	a5,a5,1
    70000132:	fef43423          	sd	a5,-24(s0)
    70000136:	fe043783          	ld	a5,-32(s0)
    7000013a:	0785                	addi	a5,a5,1
    7000013c:	fef43023          	sd	a5,-32(s0)
/embryos/chapter12/apps/../shared/string.c:4 (discriminator 1)
    70000140:	fe843783          	ld	a5,-24(s0)
    70000144:	0007c783          	lbu	a5,0(a5)
    70000148:	c385                	beqz	a5,70000168 <strcmp+0x4e>
/embryos/chapter12/apps/../shared/string.c:4 (discriminator 2)
    7000014a:	fe043783          	ld	a5,-32(s0)
    7000014e:	0007c783          	lbu	a5,0(a5)
    70000152:	cb99                	beqz	a5,70000168 <strcmp+0x4e>
/embryos/chapter12/apps/../shared/string.c:4 (discriminator 3)
    70000154:	fe843783          	ld	a5,-24(s0)
    70000158:	0007c703          	lbu	a4,0(a5)
    7000015c:	fe043783          	ld	a5,-32(s0)
    70000160:	0007c783          	lbu	a5,0(a5)
    70000164:	fcf704e3          	beq	a4,a5,7000012c <strcmp+0x12>
/embryos/chapter12/apps/../shared/string.c:5
    if (*p == *q) return 0;
    70000168:	fe843783          	ld	a5,-24(s0)
    7000016c:	0007c703          	lbu	a4,0(a5)
    70000170:	fe043783          	ld	a5,-32(s0)
    70000174:	0007c783          	lbu	a5,0(a5)
    70000178:	00f71463          	bne	a4,a5,70000180 <strcmp+0x66>
/embryos/chapter12/apps/../shared/string.c:5 (discriminator 1)
    7000017c:	4781                	li	a5,0
/embryos/chapter12/apps/../shared/string.c:5
    7000017e:	a82d                	j	700001b8 <strcmp+0x9e>
/embryos/chapter12/apps/../shared/string.c:6
    if (*p == 0)  return -1;
    70000180:	fe843783          	ld	a5,-24(s0)
    70000184:	0007c783          	lbu	a5,0(a5)
    70000188:	e399                	bnez	a5,7000018e <strcmp+0x74>
/embryos/chapter12/apps/../shared/string.c:6 (discriminator 1)
    7000018a:	57fd                	li	a5,-1
/embryos/chapter12/apps/../shared/string.c:6
    7000018c:	a035                	j	700001b8 <strcmp+0x9e>
/embryos/chapter12/apps/../shared/string.c:7
    if (*q == 0)  return 1;
    7000018e:	fe043783          	ld	a5,-32(s0)
    70000192:	0007c783          	lbu	a5,0(a5)
    70000196:	e399                	bnez	a5,7000019c <strcmp+0x82>
/embryos/chapter12/apps/../shared/string.c:7 (discriminator 1)
    70000198:	4785                	li	a5,1
/embryos/chapter12/apps/../shared/string.c:7
    7000019a:	a839                	j	700001b8 <strcmp+0x9e>
/embryos/chapter12/apps/../shared/string.c:8
    return *p - *q;
    7000019c:	fe843783          	ld	a5,-24(s0)
    700001a0:	0007c783          	lbu	a5,0(a5)
    700001a4:	0007871b          	sext.w	a4,a5
    700001a8:	fe043783          	ld	a5,-32(s0)
    700001ac:	0007c783          	lbu	a5,0(a5)
    700001b0:	2781                	sext.w	a5,a5
    700001b2:	40f707bb          	subw	a5,a4,a5
    700001b6:	2781                	sext.w	a5,a5
/embryos/chapter12/apps/../shared/string.c:9
}
    700001b8:	853e                	mv	a0,a5
    700001ba:	60e2                	ld	ra,24(sp)
    700001bc:	6442                	ld	s0,16(sp)
    700001be:	6105                	addi	sp,sp,32
    700001c0:	8082                	ret

00000000700001c2 <strcpy>:
strcpy():
/embryos/chapter12/apps/../shared/string.c:11

char *strcpy(char *dst, const char *src) {
    700001c2:	7179                	addi	sp,sp,-48
    700001c4:	f406                	sd	ra,40(sp)
    700001c6:	f022                	sd	s0,32(sp)
    700001c8:	1800                	addi	s0,sp,48
    700001ca:	fca43c23          	sd	a0,-40(s0)
    700001ce:	fcb43823          	sd	a1,-48(s0)
/embryos/chapter12/apps/../shared/string.c:12
    char *ret = dst;
    700001d2:	fd843783          	ld	a5,-40(s0)
    700001d6:	fef43423          	sd	a5,-24(s0)
/embryos/chapter12/apps/../shared/string.c:13
    while ((*dst++ = *src++) != '\0') ;
    700001da:	0001                	nop
/embryos/chapter12/apps/../shared/string.c:13 (discriminator 1)
    700001dc:	fd043703          	ld	a4,-48(s0)
    700001e0:	00170793          	addi	a5,a4,1
    700001e4:	fcf43823          	sd	a5,-48(s0)
    700001e8:	fd843783          	ld	a5,-40(s0)
    700001ec:	00178693          	addi	a3,a5,1
    700001f0:	fcd43c23          	sd	a3,-40(s0)
    700001f4:	00074703          	lbu	a4,0(a4)
    700001f8:	00e78023          	sb	a4,0(a5)
    700001fc:	0007c783          	lbu	a5,0(a5)
    70000200:	fff1                	bnez	a5,700001dc <strcpy+0x1a>
/embryos/chapter12/apps/../shared/string.c:14
    return ret;
    70000202:	fe843783          	ld	a5,-24(s0)
/embryos/chapter12/apps/../shared/string.c:15
}
    70000206:	853e                	mv	a0,a5
    70000208:	70a2                	ld	ra,40(sp)
    7000020a:	7402                	ld	s0,32(sp)
    7000020c:	6145                	addi	sp,sp,48
    7000020e:	8082                	ret

0000000070000210 <strncpy>:
strncpy():
/embryos/chapter12/apps/../shared/string.c:17

char *strncpy(char *dst, const char *src, size_t n) {
    70000210:	7139                	addi	sp,sp,-64
    70000212:	fc06                	sd	ra,56(sp)
    70000214:	f822                	sd	s0,48(sp)
    70000216:	0080                	addi	s0,sp,64
    70000218:	fca43c23          	sd	a0,-40(s0)
    7000021c:	fcb43823          	sd	a1,-48(s0)
    70000220:	fcc43423          	sd	a2,-56(s0)
/embryos/chapter12/apps/../shared/string.c:18
    size_t i = 0;
    70000224:	fe043423          	sd	zero,-24(s0)
/embryos/chapter12/apps/../shared/string.c:19
    for (; i < n && src[i] != '\0'; i++) dst[i] = src[i];
    70000228:	a025                	j	70000250 <strncpy+0x40>
/embryos/chapter12/apps/../shared/string.c:19 (discriminator 3)
    7000022a:	fd043703          	ld	a4,-48(s0)
    7000022e:	fe843783          	ld	a5,-24(s0)
    70000232:	973e                	add	a4,a4,a5
    70000234:	fd843683          	ld	a3,-40(s0)
    70000238:	fe843783          	ld	a5,-24(s0)
    7000023c:	97b6                	add	a5,a5,a3
    7000023e:	00074703          	lbu	a4,0(a4)
    70000242:	00e78023          	sb	a4,0(a5)
    70000246:	fe843783          	ld	a5,-24(s0)
    7000024a:	0785                	addi	a5,a5,1
    7000024c:	fef43423          	sd	a5,-24(s0)
/embryos/chapter12/apps/../shared/string.c:19 (discriminator 1)
    70000250:	fe843703          	ld	a4,-24(s0)
    70000254:	fc843783          	ld	a5,-56(s0)
    70000258:	02f77763          	bgeu	a4,a5,70000286 <strncpy+0x76>
/embryos/chapter12/apps/../shared/string.c:19 (discriminator 2)
    7000025c:	fd043703          	ld	a4,-48(s0)
    70000260:	fe843783          	ld	a5,-24(s0)
    70000264:	97ba                	add	a5,a5,a4
    70000266:	0007c783          	lbu	a5,0(a5)
    7000026a:	f3e1                	bnez	a5,7000022a <strncpy+0x1a>
/embryos/chapter12/apps/../shared/string.c:20
    for (; i < n; i++) dst[i] = '\0';
    7000026c:	a829                	j	70000286 <strncpy+0x76>
/embryos/chapter12/apps/../shared/string.c:20 (discriminator 2)
    7000026e:	fd843703          	ld	a4,-40(s0)
    70000272:	fe843783          	ld	a5,-24(s0)
    70000276:	97ba                	add	a5,a5,a4
    70000278:	00078023          	sb	zero,0(a5)
    7000027c:	fe843783          	ld	a5,-24(s0)
    70000280:	0785                	addi	a5,a5,1
    70000282:	fef43423          	sd	a5,-24(s0)
/embryos/chapter12/apps/../shared/string.c:20 (discriminator 1)
    70000286:	fe843703          	ld	a4,-24(s0)
    7000028a:	fc843783          	ld	a5,-56(s0)
    7000028e:	fef760e3          	bltu	a4,a5,7000026e <strncpy+0x5e>
/embryos/chapter12/apps/../shared/string.c:21
    return dst;
    70000292:	fd843783          	ld	a5,-40(s0)
/embryos/chapter12/apps/../shared/string.c:22
}
    70000296:	853e                	mv	a0,a5
    70000298:	70e2                	ld	ra,56(sp)
    7000029a:	7442                	ld	s0,48(sp)
    7000029c:	6121                	addi	sp,sp,64
    7000029e:	8082                	ret

00000000700002a0 <strlen>:
strlen():
/embryos/chapter12/apps/../shared/string.c:24

size_t strlen(const char *s) {
    700002a0:	7179                	addi	sp,sp,-48
    700002a2:	f406                	sd	ra,40(sp)
    700002a4:	f022                	sd	s0,32(sp)
    700002a6:	1800                	addi	s0,sp,48
    700002a8:	fca43c23          	sd	a0,-40(s0)
/embryos/chapter12/apps/../shared/string.c:25
    const char *p = s;
    700002ac:	fd843783          	ld	a5,-40(s0)
    700002b0:	fef43423          	sd	a5,-24(s0)
/embryos/chapter12/apps/../shared/string.c:26
    while (*p) p++;
    700002b4:	a031                	j	700002c0 <strlen+0x20>
/embryos/chapter12/apps/../shared/string.c:26 (discriminator 2)
    700002b6:	fe843783          	ld	a5,-24(s0)
    700002ba:	0785                	addi	a5,a5,1
    700002bc:	fef43423          	sd	a5,-24(s0)
/embryos/chapter12/apps/../shared/string.c:26 (discriminator 1)
    700002c0:	fe843783          	ld	a5,-24(s0)
    700002c4:	0007c783          	lbu	a5,0(a5)
    700002c8:	f7fd                	bnez	a5,700002b6 <strlen+0x16>
/embryos/chapter12/apps/../shared/string.c:27
    return (size_t) (p - s);
    700002ca:	fe843703          	ld	a4,-24(s0)
    700002ce:	fd843783          	ld	a5,-40(s0)
    700002d2:	40f707b3          	sub	a5,a4,a5
/embryos/chapter12/apps/../shared/string.c:28
}
    700002d6:	853e                	mv	a0,a5
    700002d8:	70a2                	ld	ra,40(sp)
    700002da:	7402                	ld	s0,32(sp)
    700002dc:	6145                	addi	sp,sp,48
    700002de:	8082                	ret

00000000700002e0 <strstr>:
strstr():
/embryos/chapter12/apps/../shared/string.c:30

char *strstr(const char *haystack, const char *needle) {
    700002e0:	7139                	addi	sp,sp,-64
    700002e2:	fc06                	sd	ra,56(sp)
    700002e4:	f822                	sd	s0,48(sp)
    700002e6:	0080                	addi	s0,sp,64
    700002e8:	fca43423          	sd	a0,-56(s0)
    700002ec:	fcb43023          	sd	a1,-64(s0)
/embryos/chapter12/apps/../shared/string.c:31
    if (*needle == 0) return (char *) haystack;
    700002f0:	fc043783          	ld	a5,-64(s0)
    700002f4:	0007c783          	lbu	a5,0(a5)
    700002f8:	e781                	bnez	a5,70000300 <strstr+0x20>
/embryos/chapter12/apps/../shared/string.c:31 (discriminator 1)
    700002fa:	fc843783          	ld	a5,-56(s0)
/embryos/chapter12/apps/../shared/string.c:31
    700002fe:	a041                	j	7000037e <strstr+0x9e>
/embryos/chapter12/apps/../shared/string.c:32
    for (const char *h = haystack; *h; h++) {
    70000300:	fc843783          	ld	a5,-56(s0)
    70000304:	fef43423          	sd	a5,-24(s0)
    70000308:	a0ad                	j	70000372 <strstr+0x92>
/embryos/chapter12/apps/../shared/string.c:33
        const char *h2 = h, *n2 = needle;
    7000030a:	fe843783          	ld	a5,-24(s0)
    7000030e:	fef43023          	sd	a5,-32(s0)
    70000312:	fc043783          	ld	a5,-64(s0)
    70000316:	fcf43c23          	sd	a5,-40(s0)
/embryos/chapter12/apps/../shared/string.c:34
        while (*h2 && *n2 && *h2 == *n2) { h2++; n2++; }
    7000031a:	a819                	j	70000330 <strstr+0x50>
/embryos/chapter12/apps/../shared/string.c:34 (discriminator 4)
    7000031c:	fe043783          	ld	a5,-32(s0)
    70000320:	0785                	addi	a5,a5,1
    70000322:	fef43023          	sd	a5,-32(s0)
    70000326:	fd843783          	ld	a5,-40(s0)
    7000032a:	0785                	addi	a5,a5,1
    7000032c:	fcf43c23          	sd	a5,-40(s0)
/embryos/chapter12/apps/../shared/string.c:34 (discriminator 1)
    70000330:	fe043783          	ld	a5,-32(s0)
    70000334:	0007c783          	lbu	a5,0(a5)
    70000338:	c385                	beqz	a5,70000358 <strstr+0x78>
/embryos/chapter12/apps/../shared/string.c:34 (discriminator 2)
    7000033a:	fd843783          	ld	a5,-40(s0)
    7000033e:	0007c783          	lbu	a5,0(a5)
    70000342:	cb99                	beqz	a5,70000358 <strstr+0x78>
/embryos/chapter12/apps/../shared/string.c:34 (discriminator 3)
    70000344:	fe043783          	ld	a5,-32(s0)
    70000348:	0007c703          	lbu	a4,0(a5)
    7000034c:	fd843783          	ld	a5,-40(s0)
    70000350:	0007c783          	lbu	a5,0(a5)
    70000354:	fcf704e3          	beq	a4,a5,7000031c <strstr+0x3c>
/embryos/chapter12/apps/../shared/string.c:35
        if (!*n2) return (char *) h;
    70000358:	fd843783          	ld	a5,-40(s0)
    7000035c:	0007c783          	lbu	a5,0(a5)
    70000360:	e781                	bnez	a5,70000368 <strstr+0x88>
/embryos/chapter12/apps/../shared/string.c:35 (discriminator 1)
    70000362:	fe843783          	ld	a5,-24(s0)
/embryos/chapter12/apps/../shared/string.c:35
    70000366:	a821                	j	7000037e <strstr+0x9e>
/embryos/chapter12/apps/../shared/string.c:32 (discriminator 2)
    for (const char *h = haystack; *h; h++) {
    70000368:	fe843783          	ld	a5,-24(s0)
    7000036c:	0785                	addi	a5,a5,1
    7000036e:	fef43423          	sd	a5,-24(s0)
/embryos/chapter12/apps/../shared/string.c:32 (discriminator 1)
    70000372:	fe843783          	ld	a5,-24(s0)
    70000376:	0007c783          	lbu	a5,0(a5)
    7000037a:	fbc1                	bnez	a5,7000030a <strstr+0x2a>
/embryos/chapter12/apps/../shared/string.c:37
    }
    return 0;
    7000037c:	4781                	li	a5,0
/embryos/chapter12/apps/../shared/string.c:38
}
    7000037e:	853e                	mv	a0,a5
    70000380:	70e2                	ld	ra,56(sp)
    70000382:	7442                	ld	s0,48(sp)
    70000384:	6121                	addi	sp,sp,64
    70000386:	8082                	ret

0000000070000388 <strrchr>:
strrchr():
/embryos/chapter12/apps/../shared/string.c:40

char *strrchr(const char *s, int c) {
    70000388:	7179                	addi	sp,sp,-48
    7000038a:	f406                	sd	ra,40(sp)
    7000038c:	f022                	sd	s0,32(sp)
    7000038e:	1800                	addi	s0,sp,48
    70000390:	fca43c23          	sd	a0,-40(s0)
    70000394:	87ae                	mv	a5,a1
    70000396:	fcf42a23          	sw	a5,-44(s0)
/embryos/chapter12/apps/../shared/string.c:41
    const char *last = 0;
    7000039a:	fe043423          	sd	zero,-24(s0)
/embryos/chapter12/apps/../shared/string.c:43
    char ch;
    while ((ch = *s++) != 0)
    7000039e:	a005                	j	700003be <strrchr+0x36>
/embryos/chapter12/apps/../shared/string.c:44
        if (ch == (char) c) last = s - 1;
    700003a0:	fd442783          	lw	a5,-44(s0)
    700003a4:	0ff7f713          	zext.b	a4,a5
    700003a8:	fe744783          	lbu	a5,-25(s0)
    700003ac:	0ff7f793          	zext.b	a5,a5
    700003b0:	00e79763          	bne	a5,a4,700003be <strrchr+0x36>
/embryos/chapter12/apps/../shared/string.c:44 (discriminator 1)
    700003b4:	fd843783          	ld	a5,-40(s0)
    700003b8:	17fd                	addi	a5,a5,-1
    700003ba:	fef43423          	sd	a5,-24(s0)
/embryos/chapter12/apps/../shared/string.c:43
    while ((ch = *s++) != 0)
    700003be:	fd843783          	ld	a5,-40(s0)
    700003c2:	00178713          	addi	a4,a5,1
    700003c6:	fce43c23          	sd	a4,-40(s0)
    700003ca:	0007c783          	lbu	a5,0(a5)
    700003ce:	fef403a3          	sb	a5,-25(s0)
    700003d2:	fe744783          	lbu	a5,-25(s0)
    700003d6:	0ff7f793          	zext.b	a5,a5
    700003da:	f3f9                	bnez	a5,700003a0 <strrchr+0x18>
/embryos/chapter12/apps/../shared/string.c:45
    return (char *)((c == 0) ? s - 1 : last);
    700003dc:	fd442783          	lw	a5,-44(s0)
    700003e0:	2781                	sext.w	a5,a5
    700003e2:	e789                	bnez	a5,700003ec <strrchr+0x64>
/embryos/chapter12/apps/../shared/string.c:45 (discriminator 1)
    700003e4:	fd843783          	ld	a5,-40(s0)
    700003e8:	17fd                	addi	a5,a5,-1
/embryos/chapter12/apps/../shared/string.c:45
    700003ea:	a019                	j	700003f0 <strrchr+0x68>
/embryos/chapter12/apps/../shared/string.c:45 (discriminator 2)
    700003ec:	fe843783          	ld	a5,-24(s0)
/embryos/chapter12/apps/../shared/string.c:46
}
    700003f0:	853e                	mv	a0,a5
    700003f2:	70a2                	ld	ra,40(sp)
    700003f4:	7402                	ld	s0,32(sp)
    700003f6:	6145                	addi	sp,sp,48
    700003f8:	8082                	ret

00000000700003fa <strnlen>:
strnlen():
/embryos/chapter12/apps/../shared/string.c:48

size_t strnlen(const char *s, size_t maxlen) {
    700003fa:	7179                	addi	sp,sp,-48
    700003fc:	f406                	sd	ra,40(sp)
    700003fe:	f022                	sd	s0,32(sp)
    70000400:	1800                	addi	s0,sp,48
    70000402:	fca43c23          	sd	a0,-40(s0)
    70000406:	fcb43823          	sd	a1,-48(s0)
/embryos/chapter12/apps/../shared/string.c:49
    size_t len = 0;
    7000040a:	fe043423          	sd	zero,-24(s0)
/embryos/chapter12/apps/../shared/string.c:50
    while (len < maxlen && s[len] != '\0') len++;
    7000040e:	a031                	j	7000041a <strnlen+0x20>
/embryos/chapter12/apps/../shared/string.c:50 (discriminator 3)
    70000410:	fe843783          	ld	a5,-24(s0)
    70000414:	0785                	addi	a5,a5,1
    70000416:	fef43423          	sd	a5,-24(s0)
/embryos/chapter12/apps/../shared/string.c:50 (discriminator 1)
    7000041a:	fe843703          	ld	a4,-24(s0)
    7000041e:	fd043783          	ld	a5,-48(s0)
    70000422:	00f77a63          	bgeu	a4,a5,70000436 <strnlen+0x3c>
/embryos/chapter12/apps/../shared/string.c:50 (discriminator 2)
    70000426:	fd843703          	ld	a4,-40(s0)
    7000042a:	fe843783          	ld	a5,-24(s0)
    7000042e:	97ba                	add	a5,a5,a4
    70000430:	0007c783          	lbu	a5,0(a5)
    70000434:	fff1                	bnez	a5,70000410 <strnlen+0x16>
/embryos/chapter12/apps/../shared/string.c:51
    return len;
    70000436:	fe843783          	ld	a5,-24(s0)
/embryos/chapter12/apps/../shared/string.c:52
}
    7000043a:	853e                	mv	a0,a5
    7000043c:	70a2                	ld	ra,40(sp)
    7000043e:	7402                	ld	s0,32(sp)
    70000440:	6145                	addi	sp,sp,48
    70000442:	8082                	ret

0000000070000444 <memcmp>:
memcmp():
/embryos/chapter12/apps/../shared/string2.c:3
#include "string.h"

int memcmp(const void *s1, const void *s2, size_t n) {
    70000444:	7139                	addi	sp,sp,-64
    70000446:	fc06                	sd	ra,56(sp)
    70000448:	f822                	sd	s0,48(sp)
    7000044a:	0080                	addi	s0,sp,64
    7000044c:	fca43c23          	sd	a0,-40(s0)
    70000450:	fcb43823          	sd	a1,-48(s0)
    70000454:	fcc43423          	sd	a2,-56(s0)
/embryos/chapter12/apps/../shared/string2.c:4
    const unsigned char *p1 = s1, *p2 = s2;
    70000458:	fd843783          	ld	a5,-40(s0)
    7000045c:	fef43423          	sd	a5,-24(s0)
    70000460:	fd043783          	ld	a5,-48(s0)
    70000464:	fef43023          	sd	a5,-32(s0)
/embryos/chapter12/apps/../shared/string2.c:5
    for (; n--; p1++, p2++)
    70000468:	a0a1                	j	700004b0 <memcmp+0x6c>
/embryos/chapter12/apps/../shared/string2.c:6
        if (*p1 != *p2) return *p1 - *p2;
    7000046a:	fe843783          	ld	a5,-24(s0)
    7000046e:	0007c703          	lbu	a4,0(a5)
    70000472:	fe043783          	ld	a5,-32(s0)
    70000476:	0007c783          	lbu	a5,0(a5)
    7000047a:	02f70163          	beq	a4,a5,7000049c <memcmp+0x58>
/embryos/chapter12/apps/../shared/string2.c:6 (discriminator 1)
    7000047e:	fe843783          	ld	a5,-24(s0)
    70000482:	0007c783          	lbu	a5,0(a5)
    70000486:	0007871b          	sext.w	a4,a5
    7000048a:	fe043783          	ld	a5,-32(s0)
    7000048e:	0007c783          	lbu	a5,0(a5)
    70000492:	2781                	sext.w	a5,a5
    70000494:	40f707bb          	subw	a5,a4,a5
    70000498:	2781                	sext.w	a5,a5
/embryos/chapter12/apps/../shared/string2.c:6
    7000049a:	a01d                	j	700004c0 <memcmp+0x7c>
/embryos/chapter12/apps/../shared/string2.c:5
    for (; n--; p1++, p2++)
    7000049c:	fe843783          	ld	a5,-24(s0)
    700004a0:	0785                	addi	a5,a5,1
    700004a2:	fef43423          	sd	a5,-24(s0)
    700004a6:	fe043783          	ld	a5,-32(s0)
    700004aa:	0785                	addi	a5,a5,1
    700004ac:	fef43023          	sd	a5,-32(s0)
/embryos/chapter12/apps/../shared/string2.c:5 (discriminator 1)
    700004b0:	fc843783          	ld	a5,-56(s0)
    700004b4:	fff78713          	addi	a4,a5,-1
    700004b8:	fce43423          	sd	a4,-56(s0)
    700004bc:	f7dd                	bnez	a5,7000046a <memcmp+0x26>
/embryos/chapter12/apps/../shared/string2.c:7
    return 0;
    700004be:	4781                	li	a5,0
/embryos/chapter12/apps/../shared/string2.c:8
}
    700004c0:	853e                	mv	a0,a5
    700004c2:	70e2                	ld	ra,56(sp)
    700004c4:	7442                	ld	s0,48(sp)
    700004c6:	6121                	addi	sp,sp,64
    700004c8:	8082                	ret

00000000700004ca <memchr>:
memchr():
/embryos/chapter12/apps/../shared/string2.c:10

void *memchr(const void *s, int c, size_t n) {
    700004ca:	7139                	addi	sp,sp,-64
    700004cc:	fc06                	sd	ra,56(sp)
    700004ce:	f822                	sd	s0,48(sp)
    700004d0:	0080                	addi	s0,sp,64
    700004d2:	fca43c23          	sd	a0,-40(s0)
    700004d6:	87ae                	mv	a5,a1
    700004d8:	fcc43423          	sd	a2,-56(s0)
    700004dc:	fcf42a23          	sw	a5,-44(s0)
/embryos/chapter12/apps/../shared/string2.c:11
    const unsigned char *p = s;
    700004e0:	fd843783          	ld	a5,-40(s0)
    700004e4:	fef43423          	sd	a5,-24(s0)
/embryos/chapter12/apps/../shared/string2.c:12
    unsigned char uc = (unsigned char) c;
    700004e8:	fd442783          	lw	a5,-44(s0)
    700004ec:	fef403a3          	sb	a5,-25(s0)
/embryos/chapter12/apps/../shared/string2.c:13
    for (; n--; p++)
    700004f0:	a01d                	j	70000516 <memchr+0x4c>
/embryos/chapter12/apps/../shared/string2.c:14
        if (*p == uc) return (void *) p;
    700004f2:	fe843783          	ld	a5,-24(s0)
    700004f6:	0007c703          	lbu	a4,0(a5)
    700004fa:	fe744783          	lbu	a5,-25(s0)
    700004fe:	0ff7f793          	zext.b	a5,a5
    70000502:	00e79563          	bne	a5,a4,7000050c <memchr+0x42>
/embryos/chapter12/apps/../shared/string2.c:14 (discriminator 1)
    70000506:	fe843783          	ld	a5,-24(s0)
/embryos/chapter12/apps/../shared/string2.c:14
    7000050a:	a831                	j	70000526 <memchr+0x5c>
/embryos/chapter12/apps/../shared/string2.c:13
    for (; n--; p++)
    7000050c:	fe843783          	ld	a5,-24(s0)
    70000510:	0785                	addi	a5,a5,1
    70000512:	fef43423          	sd	a5,-24(s0)
/embryos/chapter12/apps/../shared/string2.c:13 (discriminator 1)
    70000516:	fc843783          	ld	a5,-56(s0)
    7000051a:	fff78713          	addi	a4,a5,-1
    7000051e:	fce43423          	sd	a4,-56(s0)
    70000522:	fbe1                	bnez	a5,700004f2 <memchr+0x28>
/embryos/chapter12/apps/../shared/string2.c:15
    return 0;
    70000524:	4781                	li	a5,0
/embryos/chapter12/apps/../shared/string2.c:16
}
    70000526:	853e                	mv	a0,a5
    70000528:	70e2                	ld	ra,56(sp)
    7000052a:	7442                	ld	s0,48(sp)
    7000052c:	6121                	addi	sp,sp,64
    7000052e:	8082                	ret

0000000070000530 <memmove>:
memmove():
/embryos/chapter12/apps/../shared/string2.c:18

void *memmove(void *dst, const void *src, size_t n) {
    70000530:	7139                	addi	sp,sp,-64
    70000532:	fc06                	sd	ra,56(sp)
    70000534:	f822                	sd	s0,48(sp)
    70000536:	0080                	addi	s0,sp,64
    70000538:	fca43c23          	sd	a0,-40(s0)
    7000053c:	fcb43823          	sd	a1,-48(s0)
    70000540:	fcc43423          	sd	a2,-56(s0)
/embryos/chapter12/apps/../shared/string2.c:19
    unsigned char *d = dst;
    70000544:	fd843783          	ld	a5,-40(s0)
    70000548:	fef43423          	sd	a5,-24(s0)
/embryos/chapter12/apps/../shared/string2.c:20
    const unsigned char *s = src;
    7000054c:	fd043783          	ld	a5,-48(s0)
    70000550:	fef43023          	sd	a5,-32(s0)
/embryos/chapter12/apps/../shared/string2.c:21
    if (d == s || n == 0) return dst;
    70000554:	fe843703          	ld	a4,-24(s0)
    70000558:	fe043783          	ld	a5,-32(s0)
    7000055c:	00f70563          	beq	a4,a5,70000566 <memmove+0x36>
/embryos/chapter12/apps/../shared/string2.c:21 (discriminator 2)
    70000560:	fc843783          	ld	a5,-56(s0)
    70000564:	e781                	bnez	a5,7000056c <memmove+0x3c>
/embryos/chapter12/apps/../shared/string2.c:21 (discriminator 3)
    70000566:	fd843783          	ld	a5,-40(s0)
/embryos/chapter12/apps/../shared/string2.c:21
    7000056a:	a851                	j	700005fe <memmove+0xce>
/embryos/chapter12/apps/../shared/string2.c:22
    if (d < s)
    7000056c:	fe843703          	ld	a4,-24(s0)
    70000570:	fe043783          	ld	a5,-32(s0)
    70000574:	02f77b63          	bgeu	a4,a5,700005aa <memmove+0x7a>
/embryos/chapter12/apps/../shared/string2.c:23
        while (n--) *d++ = *s++;
    70000578:	a00d                	j	7000059a <memmove+0x6a>
/embryos/chapter12/apps/../shared/string2.c:23 (discriminator 2)
    7000057a:	fe043703          	ld	a4,-32(s0)
    7000057e:	00170793          	addi	a5,a4,1
    70000582:	fef43023          	sd	a5,-32(s0)
    70000586:	fe843783          	ld	a5,-24(s0)
    7000058a:	00178693          	addi	a3,a5,1
    7000058e:	fed43423          	sd	a3,-24(s0)
    70000592:	00074703          	lbu	a4,0(a4)
    70000596:	00e78023          	sb	a4,0(a5)
/embryos/chapter12/apps/../shared/string2.c:23 (discriminator 1)
    7000059a:	fc843783          	ld	a5,-56(s0)
    7000059e:	fff78713          	addi	a4,a5,-1
    700005a2:	fce43423          	sd	a4,-56(s0)
    700005a6:	fbf1                	bnez	a5,7000057a <memmove+0x4a>
    700005a8:	a889                	j	700005fa <memmove+0xca>
/embryos/chapter12/apps/../shared/string2.c:25
    else {
        d += n; s += n;
    700005aa:	fe843703          	ld	a4,-24(s0)
    700005ae:	fc843783          	ld	a5,-56(s0)
    700005b2:	97ba                	add	a5,a5,a4
    700005b4:	fef43423          	sd	a5,-24(s0)
    700005b8:	fe043703          	ld	a4,-32(s0)
    700005bc:	fc843783          	ld	a5,-56(s0)
    700005c0:	97ba                	add	a5,a5,a4
    700005c2:	fef43023          	sd	a5,-32(s0)
/embryos/chapter12/apps/../shared/string2.c:26
        while (n--) *--d = *--s;
    700005c6:	a01d                	j	700005ec <memmove+0xbc>
/embryos/chapter12/apps/../shared/string2.c:26 (discriminator 2)
    700005c8:	fe043783          	ld	a5,-32(s0)
    700005cc:	17fd                	addi	a5,a5,-1
    700005ce:	fef43023          	sd	a5,-32(s0)
    700005d2:	fe843783          	ld	a5,-24(s0)
    700005d6:	17fd                	addi	a5,a5,-1
    700005d8:	fef43423          	sd	a5,-24(s0)
    700005dc:	fe043783          	ld	a5,-32(s0)
    700005e0:	0007c703          	lbu	a4,0(a5)
    700005e4:	fe843783          	ld	a5,-24(s0)
    700005e8:	00e78023          	sb	a4,0(a5)
/embryos/chapter12/apps/../shared/string2.c:26 (discriminator 1)
    700005ec:	fc843783          	ld	a5,-56(s0)
    700005f0:	fff78713          	addi	a4,a5,-1
    700005f4:	fce43423          	sd	a4,-56(s0)
    700005f8:	fbe1                	bnez	a5,700005c8 <memmove+0x98>
/embryos/chapter12/apps/../shared/string2.c:28
    }
    return dst;
    700005fa:	fd843783          	ld	a5,-40(s0)
/embryos/chapter12/apps/../shared/string2.c:29
}
    700005fe:	853e                	mv	a0,a5
    70000600:	70e2                	ld	ra,56(sp)
    70000602:	7442                	ld	s0,48(sp)
    70000604:	6121                	addi	sp,sp,64
    70000606:	8082                	ret

0000000070000608 <memcpy>:
memcpy():
/embryos/chapter12/apps/../shared/string2.c:31

void *memcpy(void *dst, const void *src, size_t n) {
    70000608:	7179                	addi	sp,sp,-48
    7000060a:	f406                	sd	ra,40(sp)
    7000060c:	f022                	sd	s0,32(sp)
    7000060e:	1800                	addi	s0,sp,48
    70000610:	fea43423          	sd	a0,-24(s0)
    70000614:	feb43023          	sd	a1,-32(s0)
    70000618:	fcc43c23          	sd	a2,-40(s0)
/embryos/chapter12/apps/../shared/string2.c:32
    return memmove(dst, src, n);
    7000061c:	fd843603          	ld	a2,-40(s0)
    70000620:	fe043583          	ld	a1,-32(s0)
    70000624:	fe843503          	ld	a0,-24(s0)
    70000628:	00000097          	auipc	ra,0x0
    7000062c:	f08080e7          	jalr	-248(ra) # 70000530 <memmove>
    70000630:	87aa                	mv	a5,a0
/embryos/chapter12/apps/../shared/string2.c:33
}
    70000632:	853e                	mv	a0,a5
    70000634:	70a2                	ld	ra,40(sp)
    70000636:	7402                	ld	s0,32(sp)
    70000638:	6145                	addi	sp,sp,48
    7000063a:	8082                	ret

000000007000063c <memset>:
memset():
/embryos/chapter12/apps/../shared/string2.c:35

void *memset(void *dst, int c, size_t n) {
    7000063c:	7139                	addi	sp,sp,-64
    7000063e:	fc06                	sd	ra,56(sp)
    70000640:	f822                	sd	s0,48(sp)
    70000642:	0080                	addi	s0,sp,64
    70000644:	fca43c23          	sd	a0,-40(s0)
    70000648:	87ae                	mv	a5,a1
    7000064a:	fcc43423          	sd	a2,-56(s0)
    7000064e:	fcf42a23          	sw	a5,-44(s0)
/embryos/chapter12/apps/../shared/string2.c:36
    unsigned char *d = dst;
    70000652:	fd843783          	ld	a5,-40(s0)
    70000656:	fef43423          	sd	a5,-24(s0)
/embryos/chapter12/apps/../shared/string2.c:37
    while (n--) *d++ = c;
    7000065a:	a829                	j	70000674 <memset+0x38>
/embryos/chapter12/apps/../shared/string2.c:37 (discriminator 2)
    7000065c:	fe843783          	ld	a5,-24(s0)
    70000660:	00178713          	addi	a4,a5,1
    70000664:	fee43423          	sd	a4,-24(s0)
    70000668:	fd442703          	lw	a4,-44(s0)
    7000066c:	0ff77713          	zext.b	a4,a4
    70000670:	00e78023          	sb	a4,0(a5)
/embryos/chapter12/apps/../shared/string2.c:37 (discriminator 1)
    70000674:	fc843783          	ld	a5,-56(s0)
    70000678:	fff78713          	addi	a4,a5,-1
    7000067c:	fce43423          	sd	a4,-56(s0)
    70000680:	fff1                	bnez	a5,7000065c <memset+0x20>
/embryos/chapter12/apps/../shared/string2.c:38
    return dst;
    70000682:	fd843783          	ld	a5,-40(s0)
/embryos/chapter12/apps/../shared/string2.c:39
}
    70000686:	853e                	mv	a0,a5
    70000688:	70e2                	ld	ra,56(sp)
    7000068a:	7442                	ld	s0,48(sp)
    7000068c:	6121                	addi	sp,sp,64
    7000068e:	8082                	ret

0000000070000690 <fputc>:
fputc():
/embryos/chapter12/apps/stdio.c:11
#include "malloc.h"

static FILE dev = { .type = STDIO_DEV };
FILE *stdin = &dev, *stdout = &dev, *stderr = &dev;

int fputc(int c, FILE *file) {
    70000690:	7179                	addi	sp,sp,-48
    70000692:	f406                	sd	ra,40(sp)
    70000694:	f022                	sd	s0,32(sp)
    70000696:	1800                	addi	s0,sp,48
    70000698:	87aa                	mv	a5,a0
    7000069a:	fcb43823          	sd	a1,-48(s0)
    7000069e:	fcf42e23          	sw	a5,-36(s0)
/embryos/chapter12/apps/stdio.c:12
    char ch = c;
    700006a2:	fdc42783          	lw	a5,-36(s0)
    700006a6:	0ff7f793          	zext.b	a5,a5
    700006aa:	fef407a3          	sb	a5,-17(s0)
/embryos/chapter12/apps/stdio.c:13
    switch (file->type) {
    700006ae:	fd043783          	ld	a5,-48(s0)
    700006b2:	439c                	lw	a5,0(a5)
    700006b4:	4709                	li	a4,2
    700006b6:	04e78363          	beq	a5,a4,700006fc <fputc+0x6c>
    700006ba:	4709                	li	a4,2
    700006bc:	04f76e63          	bltu	a4,a5,70000718 <fputc+0x88>
    700006c0:	c789                	beqz	a5,700006ca <fputc+0x3a>
    700006c2:	4705                	li	a4,1
    700006c4:	00e78b63          	beq	a5,a4,700006da <fputc+0x4a>
    700006c8:	a881                	j	70000718 <fputc+0x88>
/embryos/chapter12/apps/stdio.c:14
    case STDIO_DEV:    putchar(ch); break;
    700006ca:	fef44783          	lbu	a5,-17(s0)
    700006ce:	853e                	mv	a0,a5
    700006d0:	00002097          	auipc	ra,0x2
    700006d4:	89c080e7          	jalr	-1892(ra) # 70001f6c <putchar>
    700006d8:	a081                	j	70000718 <fputc+0x88>
/embryos/chapter12/apps/stdio.c:15
    case STDIO_FILE:   user_write(file->u.file, file->offset, &ch, 1); break;
    700006da:	fd043783          	ld	a5,-48(s0)
    700006de:	4b98                	lw	a4,16(a5)
    700006e0:	fd043783          	ld	a5,-48(s0)
    700006e4:	43dc                	lw	a5,4(a5)
    700006e6:	85be                	mv	a1,a5
    700006e8:	fef40793          	addi	a5,s0,-17
    700006ec:	4685                	li	a3,1
    700006ee:	863e                	mv	a2,a5
    700006f0:	853a                	mv	a0,a4
    700006f2:	00000097          	auipc	ra,0x0
    700006f6:	95a080e7          	jalr	-1702(ra) # 7000004c <user_write>
    700006fa:	a839                	j	70000718 <fputc+0x88>
/embryos/chapter12/apps/stdio.c:16
    case STDIO_STRING: file->u.string[file->offset] = ch; break;
    700006fc:	fd043783          	ld	a5,-48(s0)
    70000700:	6b98                	ld	a4,16(a5)
    70000702:	fd043783          	ld	a5,-48(s0)
    70000706:	43dc                	lw	a5,4(a5)
    70000708:	1782                	slli	a5,a5,0x20
    7000070a:	9381                	srli	a5,a5,0x20
    7000070c:	97ba                	add	a5,a5,a4
    7000070e:	fef44703          	lbu	a4,-17(s0)
    70000712:	00e78023          	sb	a4,0(a5)
    70000716:	0001                	nop
/embryos/chapter12/apps/stdio.c:18
    }
    file->offset++;
    70000718:	fd043783          	ld	a5,-48(s0)
    7000071c:	43dc                	lw	a5,4(a5)
    7000071e:	2785                	addiw	a5,a5,1
    70000720:	0007871b          	sext.w	a4,a5
    70000724:	fd043783          	ld	a5,-48(s0)
    70000728:	c3d8                	sw	a4,4(a5)
/embryos/chapter12/apps/stdio.c:19
}
    7000072a:	0001                	nop
    7000072c:	853e                	mv	a0,a5
    7000072e:	70a2                	ld	ra,40(sp)
    70000730:	7402                	ld	s0,32(sp)
    70000732:	6145                	addi	sp,sp,48
    70000734:	8082                	ret

0000000070000736 <fputs>:
fputs():
/embryos/chapter12/apps/stdio.c:21

int fputs(const char *s, FILE *file) {
    70000736:	1101                	addi	sp,sp,-32
    70000738:	ec06                	sd	ra,24(sp)
    7000073a:	e822                	sd	s0,16(sp)
    7000073c:	1000                	addi	s0,sp,32
    7000073e:	fea43423          	sd	a0,-24(s0)
    70000742:	feb43023          	sd	a1,-32(s0)
/embryos/chapter12/apps/stdio.c:22
    while (*s != 0) fputc(*s++, file);
    70000746:	a00d                	j	70000768 <fputs+0x32>
/embryos/chapter12/apps/stdio.c:22 (discriminator 3)
    70000748:	fe843783          	ld	a5,-24(s0)
    7000074c:	00178713          	addi	a4,a5,1
    70000750:	fee43423          	sd	a4,-24(s0)
    70000754:	0007c783          	lbu	a5,0(a5)
    70000758:	2781                	sext.w	a5,a5
    7000075a:	fe043583          	ld	a1,-32(s0)
    7000075e:	853e                	mv	a0,a5
    70000760:	00000097          	auipc	ra,0x0
    70000764:	f30080e7          	jalr	-208(ra) # 70000690 <fputc>
/embryos/chapter12/apps/stdio.c:22 (discriminator 2)
    70000768:	fe843783          	ld	a5,-24(s0)
    7000076c:	0007c783          	lbu	a5,0(a5)
    70000770:	ffe1                	bnez	a5,70000748 <fputs+0x12>
/embryos/chapter12/apps/stdio.c:23
}
    70000772:	0001                	nop
    70000774:	853e                	mv	a0,a5
    70000776:	60e2                	ld	ra,24(sp)
    70000778:	6442                	ld	s0,16(sp)
    7000077a:	6105                	addi	sp,sp,32
    7000077c:	8082                	ret

000000007000077e <print_unsigned>:
print_unsigned():
/embryos/chapter12/apps/stdio.c:25

static void print_unsigned(FILE *file, uword_t x, unsigned int base) {
    7000077e:	711d                	addi	sp,sp,-96
    70000780:	ec86                	sd	ra,88(sp)
    70000782:	e8a2                	sd	s0,80(sp)
    70000784:	1080                	addi	s0,sp,96
    70000786:	faa43c23          	sd	a0,-72(s0)
    7000078a:	fab43823          	sd	a1,-80(s0)
    7000078e:	87b2                	mv	a5,a2
    70000790:	faf42623          	sw	a5,-84(s0)
/embryos/chapter12/apps/stdio.c:27
    char buf[32];
    int i = 0;
    70000794:	fe042623          	sw	zero,-20(s0)
/embryos/chapter12/apps/stdio.c:29
    do {
        int d = x % base;
    70000798:	fac46783          	lwu	a5,-84(s0)
    7000079c:	fb043703          	ld	a4,-80(s0)
    700007a0:	02f777b3          	remu	a5,a4,a5
    700007a4:	fef42423          	sw	a5,-24(s0)
/embryos/chapter12/apps/stdio.c:30
        buf[i++] = (d < 10) ? '0'+d : 'a'+(d-10);
    700007a8:	fe842783          	lw	a5,-24(s0)
    700007ac:	0007871b          	sext.w	a4,a5
    700007b0:	47a5                	li	a5,9
    700007b2:	00e7cb63          	blt	a5,a4,700007c8 <print_unsigned+0x4a>
/embryos/chapter12/apps/stdio.c:30 (discriminator 1)
    700007b6:	fe842783          	lw	a5,-24(s0)
    700007ba:	0ff7f793          	zext.b	a5,a5
    700007be:	0307879b          	addiw	a5,a5,48
    700007c2:	0ff7f793          	zext.b	a5,a5
    700007c6:	a809                	j	700007d8 <print_unsigned+0x5a>
/embryos/chapter12/apps/stdio.c:30 (discriminator 2)
    700007c8:	fe842783          	lw	a5,-24(s0)
    700007cc:	0ff7f793          	zext.b	a5,a5
    700007d0:	0577879b          	addiw	a5,a5,87
    700007d4:	0ff7f793          	zext.b	a5,a5
/embryos/chapter12/apps/stdio.c:30 (discriminator 4)
    700007d8:	fec42703          	lw	a4,-20(s0)
    700007dc:	0017069b          	addiw	a3,a4,1
    700007e0:	fed42623          	sw	a3,-20(s0)
    700007e4:	1741                	addi	a4,a4,-16
    700007e6:	9722                	add	a4,a4,s0
    700007e8:	fcf70c23          	sb	a5,-40(a4)
/embryos/chapter12/apps/stdio.c:31
        x /= base;
    700007ec:	fac46783          	lwu	a5,-84(s0)
    700007f0:	fb043703          	ld	a4,-80(s0)
    700007f4:	02f757b3          	divu	a5,a4,a5
    700007f8:	faf43823          	sd	a5,-80(s0)
/embryos/chapter12/apps/stdio.c:32
    } while (x);
    700007fc:	fb043783          	ld	a5,-80(s0)
    70000800:	ffc1                	bnez	a5,70000798 <print_unsigned+0x1a>
/embryos/chapter12/apps/stdio.c:33
    while (--i >= 0) fputc(buf[i], file);
    70000802:	a839                	j	70000820 <__global_pointer$+0x20>
/embryos/chapter12/apps/stdio.c:33 (discriminator 3)
    70000804:	fec42783          	lw	a5,-20(s0)
    70000808:	17c1                	addi	a5,a5,-16
    7000080a:	97a2                	add	a5,a5,s0
    7000080c:	fd87c783          	lbu	a5,-40(a5)
    70000810:	2781                	sext.w	a5,a5
    70000812:	fb843583          	ld	a1,-72(s0)
    70000816:	853e                	mv	a0,a5
    70000818:	00000097          	auipc	ra,0x0
    7000081c:	e78080e7          	jalr	-392(ra) # 70000690 <fputc>
/embryos/chapter12/apps/stdio.c:33 (discriminator 2)
    70000820:	fec42783          	lw	a5,-20(s0)
    70000824:	37fd                	addiw	a5,a5,-1
    70000826:	fef42623          	sw	a5,-20(s0)
    7000082a:	fec42783          	lw	a5,-20(s0)
    7000082e:	2781                	sext.w	a5,a5
    70000830:	fc07dae3          	bgez	a5,70000804 <__global_pointer$+0x4>
/embryos/chapter12/apps/stdio.c:34
}
    70000834:	0001                	nop
    70000836:	0001                	nop
    70000838:	60e6                	ld	ra,88(sp)
    7000083a:	6446                	ld	s0,80(sp)
    7000083c:	6125                	addi	sp,sp,96
    7000083e:	8082                	ret

0000000070000840 <vfprintf>:
vfprintf():
/embryos/chapter12/apps/stdio.c:36

void vfprintf(FILE *file, const char *fmt, va_list ap) {
    70000840:	715d                	addi	sp,sp,-80
    70000842:	e486                	sd	ra,72(sp)
    70000844:	e0a2                	sd	s0,64(sp)
    70000846:	0880                	addi	s0,sp,80
    70000848:	fca43423          	sd	a0,-56(s0)
    7000084c:	fcb43023          	sd	a1,-64(s0)
    70000850:	fac43c23          	sd	a2,-72(s0)
/embryos/chapter12/apps/stdio.c:37
    for (; *fmt; fmt++) {
    70000854:	ac65                	j	70000b0c <vfprintf+0x2cc>
/embryos/chapter12/apps/stdio.c:38
        if (*fmt != '%') { fputc(*fmt, file); continue; }
    70000856:	fc043783          	ld	a5,-64(s0)
    7000085a:	0007c783          	lbu	a5,0(a5)
    7000085e:	873e                	mv	a4,a5
    70000860:	02500793          	li	a5,37
    70000864:	00f70f63          	beq	a4,a5,70000882 <vfprintf+0x42>
/embryos/chapter12/apps/stdio.c:38 (discriminator 1)
    70000868:	fc043783          	ld	a5,-64(s0)
    7000086c:	0007c783          	lbu	a5,0(a5)
    70000870:	2781                	sext.w	a5,a5
    70000872:	fc843583          	ld	a1,-56(s0)
    70000876:	853e                	mv	a0,a5
    70000878:	00000097          	auipc	ra,0x0
    7000087c:	e18080e7          	jalr	-488(ra) # 70000690 <fputc>
/embryos/chapter12/apps/stdio.c:38
    70000880:	a449                	j	70000b02 <vfprintf+0x2c2>
/embryos/chapter12/apps/stdio.c:39
        fmt++;
    70000882:	fc043783          	ld	a5,-64(s0)
    70000886:	0785                	addi	a5,a5,1
    70000888:	fcf43023          	sd	a5,-64(s0)
/embryos/chapter12/apps/stdio.c:40
        switch (*fmt) {
    7000088c:	fc043783          	ld	a5,-64(s0)
    70000890:	0007c783          	lbu	a5,0(a5)
    70000894:	2781                	sext.w	a5,a5
    70000896:	07800713          	li	a4,120
    7000089a:	16e78663          	beq	a5,a4,70000a06 <vfprintf+0x1c6>
    7000089e:	07800713          	li	a4,120
    700008a2:	22f74c63          	blt	a4,a5,70000ada <vfprintf+0x29a>
    700008a6:	07500713          	li	a4,117
    700008aa:	10e78c63          	beq	a5,a4,700009c2 <vfprintf+0x182>
    700008ae:	07500713          	li	a4,117
    700008b2:	22f74463          	blt	a4,a5,70000ada <vfprintf+0x29a>
    700008b6:	07300713          	li	a4,115
    700008ba:	1ce78763          	beq	a5,a4,70000a88 <vfprintf+0x248>
    700008be:	07300713          	li	a4,115
    700008c2:	20f74c63          	blt	a4,a5,70000ada <vfprintf+0x29a>
    700008c6:	07000713          	li	a4,112
    700008ca:	18e78063          	beq	a5,a4,70000a4a <vfprintf+0x20a>
    700008ce:	07000713          	li	a4,112
    700008d2:	20f74463          	blt	a4,a5,70000ada <vfprintf+0x29a>
    700008d6:	06400713          	li	a4,100
    700008da:	04e78763          	beq	a5,a4,70000928 <vfprintf+0xe8>
    700008de:	06400713          	li	a4,100
    700008e2:	1ef74c63          	blt	a4,a5,70000ada <vfprintf+0x29a>
    700008e6:	06300713          	li	a4,99
    700008ea:	18e78063          	beq	a5,a4,70000a6a <vfprintf+0x22a>
    700008ee:	06300713          	li	a4,99
    700008f2:	1ef74463          	blt	a4,a5,70000ada <vfprintf+0x29a>
    700008f6:	05800713          	li	a4,88
    700008fa:	12e78863          	beq	a5,a4,70000a2a <vfprintf+0x1ea>
    700008fe:	05800713          	li	a4,88
    70000902:	1cf74c63          	blt	a4,a5,70000ada <vfprintf+0x29a>
    70000906:	05500713          	li	a4,85
    7000090a:	0ce78e63          	beq	a5,a4,700009e6 <vfprintf+0x1a6>
    7000090e:	05500713          	li	a4,85
    70000912:	1cf74463          	blt	a4,a5,70000ada <vfprintf+0x29a>
    70000916:	02500713          	li	a4,37
    7000091a:	1ae78763          	beq	a5,a4,70000ac8 <vfprintf+0x288>
    7000091e:	04400713          	li	a4,68
    70000922:	04e78a63          	beq	a5,a4,70000976 <vfprintf+0x136>
    70000926:	aa55                	j	70000ada <vfprintf+0x29a>
/embryos/chapter12/apps/stdio.c:42
        case 'd': {
            int x = va_arg(ap, int);
    70000928:	fb843783          	ld	a5,-72(s0)
    7000092c:	00878713          	addi	a4,a5,8
    70000930:	fae43c23          	sd	a4,-72(s0)
    70000934:	439c                	lw	a5,0(a5)
    70000936:	fef42623          	sw	a5,-20(s0)
/embryos/chapter12/apps/stdio.c:43
            if (x < 0) { fputc('-', file); x = -x; }
    7000093a:	fec42783          	lw	a5,-20(s0)
    7000093e:	2781                	sext.w	a5,a5
    70000940:	0207d063          	bgez	a5,70000960 <vfprintf+0x120>
/embryos/chapter12/apps/stdio.c:43 (discriminator 1)
    70000944:	fc843583          	ld	a1,-56(s0)
    70000948:	02d00513          	li	a0,45
    7000094c:	00000097          	auipc	ra,0x0
    70000950:	d44080e7          	jalr	-700(ra) # 70000690 <fputc>
/embryos/chapter12/apps/stdio.c:43 (discriminator 2)
    70000954:	fec42783          	lw	a5,-20(s0)
    70000958:	40f007bb          	negw	a5,a5
    7000095c:	fef42623          	sw	a5,-20(s0)
/embryos/chapter12/apps/stdio.c:44
            print_unsigned(file, (uword_t) x, 10);
    70000960:	fec42783          	lw	a5,-20(s0)
    70000964:	4629                	li	a2,10
    70000966:	85be                	mv	a1,a5
    70000968:	fc843503          	ld	a0,-56(s0)
    7000096c:	00000097          	auipc	ra,0x0
    70000970:	e12080e7          	jalr	-494(ra) # 7000077e <print_unsigned>
/embryos/chapter12/apps/stdio.c:45
            break;
    70000974:	a279                	j	70000b02 <vfprintf+0x2c2>
/embryos/chapter12/apps/stdio.c:48
        }
        case 'D': {
            sword_t x = va_arg(ap, sword_t);
    70000976:	fb843783          	ld	a5,-72(s0)
    7000097a:	00878713          	addi	a4,a5,8
    7000097e:	fae43c23          	sd	a4,-72(s0)
    70000982:	639c                	ld	a5,0(a5)
    70000984:	fef43023          	sd	a5,-32(s0)
/embryos/chapter12/apps/stdio.c:49
            if (x < 0) { fputc('-', file); x = -x; }
    70000988:	fe043783          	ld	a5,-32(s0)
    7000098c:	0207d063          	bgez	a5,700009ac <vfprintf+0x16c>
/embryos/chapter12/apps/stdio.c:49 (discriminator 1)
    70000990:	fc843583          	ld	a1,-56(s0)
    70000994:	02d00513          	li	a0,45
    70000998:	00000097          	auipc	ra,0x0
    7000099c:	cf8080e7          	jalr	-776(ra) # 70000690 <fputc>
/embryos/chapter12/apps/stdio.c:49 (discriminator 2)
    700009a0:	fe043783          	ld	a5,-32(s0)
    700009a4:	40f007b3          	neg	a5,a5
    700009a8:	fef43023          	sd	a5,-32(s0)
/embryos/chapter12/apps/stdio.c:50
            print_unsigned(file, (uword_t) x, 10);
    700009ac:	fe043783          	ld	a5,-32(s0)
    700009b0:	4629                	li	a2,10
    700009b2:	85be                	mv	a1,a5
    700009b4:	fc843503          	ld	a0,-56(s0)
    700009b8:	00000097          	auipc	ra,0x0
    700009bc:	dc6080e7          	jalr	-570(ra) # 7000077e <print_unsigned>
/embryos/chapter12/apps/stdio.c:51
            break;
    700009c0:	a289                	j	70000b02 <vfprintf+0x2c2>
/embryos/chapter12/apps/stdio.c:53
        }
        case 'u': print_unsigned(file, va_arg(ap, unsigned int), 10); break;
    700009c2:	fb843783          	ld	a5,-72(s0)
    700009c6:	00878713          	addi	a4,a5,8
    700009ca:	fae43c23          	sd	a4,-72(s0)
    700009ce:	439c                	lw	a5,0(a5)
/embryos/chapter12/apps/stdio.c:53 (discriminator 1)
    700009d0:	1782                	slli	a5,a5,0x20
    700009d2:	9381                	srli	a5,a5,0x20
    700009d4:	4629                	li	a2,10
    700009d6:	85be                	mv	a1,a5
    700009d8:	fc843503          	ld	a0,-56(s0)
    700009dc:	00000097          	auipc	ra,0x0
    700009e0:	da2080e7          	jalr	-606(ra) # 7000077e <print_unsigned>
/embryos/chapter12/apps/stdio.c:53
    700009e4:	aa39                	j	70000b02 <vfprintf+0x2c2>
/embryos/chapter12/apps/stdio.c:54
        case 'U': print_unsigned(file, va_arg(ap, uword_t),      10); break;
    700009e6:	fb843783          	ld	a5,-72(s0)
    700009ea:	00878713          	addi	a4,a5,8
    700009ee:	fae43c23          	sd	a4,-72(s0)
    700009f2:	639c                	ld	a5,0(a5)
/embryos/chapter12/apps/stdio.c:54 (discriminator 1)
    700009f4:	4629                	li	a2,10
    700009f6:	85be                	mv	a1,a5
    700009f8:	fc843503          	ld	a0,-56(s0)
    700009fc:	00000097          	auipc	ra,0x0
    70000a00:	d82080e7          	jalr	-638(ra) # 7000077e <print_unsigned>
/embryos/chapter12/apps/stdio.c:54
    70000a04:	a8fd                	j	70000b02 <vfprintf+0x2c2>
/embryos/chapter12/apps/stdio.c:55
        case 'x': print_unsigned(file, va_arg(ap, unsigned int), 16); break;
    70000a06:	fb843783          	ld	a5,-72(s0)
    70000a0a:	00878713          	addi	a4,a5,8
    70000a0e:	fae43c23          	sd	a4,-72(s0)
    70000a12:	439c                	lw	a5,0(a5)
/embryos/chapter12/apps/stdio.c:55 (discriminator 1)
    70000a14:	1782                	slli	a5,a5,0x20
    70000a16:	9381                	srli	a5,a5,0x20
    70000a18:	4641                	li	a2,16
    70000a1a:	85be                	mv	a1,a5
    70000a1c:	fc843503          	ld	a0,-56(s0)
    70000a20:	00000097          	auipc	ra,0x0
    70000a24:	d5e080e7          	jalr	-674(ra) # 7000077e <print_unsigned>
/embryos/chapter12/apps/stdio.c:55
    70000a28:	a8e9                	j	70000b02 <vfprintf+0x2c2>
/embryos/chapter12/apps/stdio.c:56
        case 'X': print_unsigned(file, va_arg(ap, uword_t),      16); break;
    70000a2a:	fb843783          	ld	a5,-72(s0)
    70000a2e:	00878713          	addi	a4,a5,8
    70000a32:	fae43c23          	sd	a4,-72(s0)
    70000a36:	639c                	ld	a5,0(a5)
/embryos/chapter12/apps/stdio.c:56 (discriminator 1)
    70000a38:	4641                	li	a2,16
    70000a3a:	85be                	mv	a1,a5
    70000a3c:	fc843503          	ld	a0,-56(s0)
    70000a40:	00000097          	auipc	ra,0x0
    70000a44:	d3e080e7          	jalr	-706(ra) # 7000077e <print_unsigned>
/embryos/chapter12/apps/stdio.c:56
    70000a48:	a86d                	j	70000b02 <vfprintf+0x2c2>
/embryos/chapter12/apps/stdio.c:57
        case 'p': print_unsigned(file, va_arg(ap, uintptr_t),    16); break;
    70000a4a:	fb843783          	ld	a5,-72(s0)
    70000a4e:	00878713          	addi	a4,a5,8
    70000a52:	fae43c23          	sd	a4,-72(s0)
    70000a56:	639c                	ld	a5,0(a5)
/embryos/chapter12/apps/stdio.c:57 (discriminator 1)
    70000a58:	4641                	li	a2,16
    70000a5a:	85be                	mv	a1,a5
    70000a5c:	fc843503          	ld	a0,-56(s0)
    70000a60:	00000097          	auipc	ra,0x0
    70000a64:	d1e080e7          	jalr	-738(ra) # 7000077e <print_unsigned>
/embryos/chapter12/apps/stdio.c:57
    70000a68:	a869                	j	70000b02 <vfprintf+0x2c2>
/embryos/chapter12/apps/stdio.c:58
        case 'c': fputc(va_arg(ap, int), file); break;
    70000a6a:	fb843783          	ld	a5,-72(s0)
    70000a6e:	00878713          	addi	a4,a5,8
    70000a72:	fae43c23          	sd	a4,-72(s0)
    70000a76:	439c                	lw	a5,0(a5)
/embryos/chapter12/apps/stdio.c:58 (discriminator 1)
    70000a78:	fc843583          	ld	a1,-56(s0)
    70000a7c:	853e                	mv	a0,a5
    70000a7e:	00000097          	auipc	ra,0x0
    70000a82:	c12080e7          	jalr	-1006(ra) # 70000690 <fputc>
/embryos/chapter12/apps/stdio.c:58
    70000a86:	a8b5                	j	70000b02 <vfprintf+0x2c2>
/embryos/chapter12/apps/stdio.c:60
        case 's': {
            char *s = va_arg(ap, char*);
    70000a88:	fb843783          	ld	a5,-72(s0)
    70000a8c:	00878713          	addi	a4,a5,8
    70000a90:	fae43c23          	sd	a4,-72(s0)
    70000a94:	639c                	ld	a5,0(a5)
    70000a96:	fcf43c23          	sd	a5,-40(s0)
/embryos/chapter12/apps/stdio.c:61
            while (*s) fputc(*s++, file);
    70000a9a:	a00d                	j	70000abc <vfprintf+0x27c>
/embryos/chapter12/apps/stdio.c:61 (discriminator 3)
    70000a9c:	fd843783          	ld	a5,-40(s0)
    70000aa0:	00178713          	addi	a4,a5,1
    70000aa4:	fce43c23          	sd	a4,-40(s0)
    70000aa8:	0007c783          	lbu	a5,0(a5)
    70000aac:	2781                	sext.w	a5,a5
    70000aae:	fc843583          	ld	a1,-56(s0)
    70000ab2:	853e                	mv	a0,a5
    70000ab4:	00000097          	auipc	ra,0x0
    70000ab8:	bdc080e7          	jalr	-1060(ra) # 70000690 <fputc>
/embryos/chapter12/apps/stdio.c:61 (discriminator 2)
    70000abc:	fd843783          	ld	a5,-40(s0)
    70000ac0:	0007c783          	lbu	a5,0(a5)
    70000ac4:	ffe1                	bnez	a5,70000a9c <vfprintf+0x25c>
/embryos/chapter12/apps/stdio.c:62
            break;
    70000ac6:	a835                	j	70000b02 <vfprintf+0x2c2>
/embryos/chapter12/apps/stdio.c:64
        }
        case '%': fputc('%', file); break;
    70000ac8:	fc843583          	ld	a1,-56(s0)
    70000acc:	02500513          	li	a0,37
    70000ad0:	00000097          	auipc	ra,0x0
    70000ad4:	bc0080e7          	jalr	-1088(ra) # 70000690 <fputc>
    70000ad8:	a02d                	j	70000b02 <vfprintf+0x2c2>
/embryos/chapter12/apps/stdio.c:65
        default:  fputc('%', file); fputc(*fmt, file);
    70000ada:	fc843583          	ld	a1,-56(s0)
    70000ade:	02500513          	li	a0,37
    70000ae2:	00000097          	auipc	ra,0x0
    70000ae6:	bae080e7          	jalr	-1106(ra) # 70000690 <fputc>
/embryos/chapter12/apps/stdio.c:65 (discriminator 1)
    70000aea:	fc043783          	ld	a5,-64(s0)
    70000aee:	0007c783          	lbu	a5,0(a5)
    70000af2:	2781                	sext.w	a5,a5
    70000af4:	fc843583          	ld	a1,-56(s0)
    70000af8:	853e                	mv	a0,a5
    70000afa:	00000097          	auipc	ra,0x0
    70000afe:	b96080e7          	jalr	-1130(ra) # 70000690 <fputc>
/embryos/chapter12/apps/stdio.c:37
    for (; *fmt; fmt++) {
    70000b02:	fc043783          	ld	a5,-64(s0)
    70000b06:	0785                	addi	a5,a5,1
    70000b08:	fcf43023          	sd	a5,-64(s0)
/embryos/chapter12/apps/stdio.c:37 (discriminator 1)
    70000b0c:	fc043783          	ld	a5,-64(s0)
    70000b10:	0007c783          	lbu	a5,0(a5)
    70000b14:	d40791e3          	bnez	a5,70000856 <vfprintf+0x16>
/embryos/chapter12/apps/stdio.c:68
        }
    }
}
    70000b18:	0001                	nop
    70000b1a:	0001                	nop
    70000b1c:	60a6                	ld	ra,72(sp)
    70000b1e:	6406                	ld	s0,64(sp)
    70000b20:	6161                	addi	sp,sp,80
    70000b22:	8082                	ret

0000000070000b24 <fprintf>:
fprintf():
/embryos/chapter12/apps/stdio.c:70

void fprintf(FILE *file, const char *fmt, ...) {
    70000b24:	7159                	addi	sp,sp,-112
    70000b26:	fc06                	sd	ra,56(sp)
    70000b28:	f822                	sd	s0,48(sp)
    70000b2a:	0080                	addi	s0,sp,64
    70000b2c:	fca43c23          	sd	a0,-40(s0)
    70000b30:	fcb43823          	sd	a1,-48(s0)
    70000b34:	e010                	sd	a2,0(s0)
    70000b36:	e414                	sd	a3,8(s0)
    70000b38:	e818                	sd	a4,16(s0)
    70000b3a:	ec1c                	sd	a5,24(s0)
    70000b3c:	03043023          	sd	a6,32(s0)
    70000b40:	03143423          	sd	a7,40(s0)
/embryos/chapter12/apps/stdio.c:72
    va_list ap;
    va_start(ap, fmt);
    70000b44:	03040793          	addi	a5,s0,48
    70000b48:	fcf43423          	sd	a5,-56(s0)
    70000b4c:	fc843783          	ld	a5,-56(s0)
    70000b50:	fd078793          	addi	a5,a5,-48
    70000b54:	fef43423          	sd	a5,-24(s0)
/embryos/chapter12/apps/stdio.c:73
    vfprintf(file, fmt, ap);
    70000b58:	fe843783          	ld	a5,-24(s0)
    70000b5c:	863e                	mv	a2,a5
    70000b5e:	fd043583          	ld	a1,-48(s0)
    70000b62:	fd843503          	ld	a0,-40(s0)
    70000b66:	00000097          	auipc	ra,0x0
    70000b6a:	cda080e7          	jalr	-806(ra) # 70000840 <vfprintf>
/embryos/chapter12/apps/stdio.c:75
    va_end(ap);
}
    70000b6e:	0001                	nop
    70000b70:	70e2                	ld	ra,56(sp)
    70000b72:	7442                	ld	s0,48(sp)
    70000b74:	6165                	addi	sp,sp,112
    70000b76:	8082                	ret

0000000070000b78 <sprintf>:
sprintf():
/embryos/chapter12/apps/stdio.c:77

void sprintf(char *s, const char *fmt, ...) {
    70000b78:	7119                	addi	sp,sp,-128
    70000b7a:	e486                	sd	ra,72(sp)
    70000b7c:	e0a2                	sd	s0,64(sp)
    70000b7e:	0880                	addi	s0,sp,80
    70000b80:	fca43423          	sd	a0,-56(s0)
    70000b84:	fcb43023          	sd	a1,-64(s0)
    70000b88:	e010                	sd	a2,0(s0)
    70000b8a:	e414                	sd	a3,8(s0)
    70000b8c:	e818                	sd	a4,16(s0)
    70000b8e:	ec1c                	sd	a5,24(s0)
    70000b90:	03043023          	sd	a6,32(s0)
    70000b94:	03143423          	sd	a7,40(s0)
/embryos/chapter12/apps/stdio.c:79
    FILE file;
    file.type = STDIO_STRING;
    70000b98:	4789                	li	a5,2
    70000b9a:	fcf42c23          	sw	a5,-40(s0)
/embryos/chapter12/apps/stdio.c:80
    file.u.string = s;
    70000b9e:	fc843783          	ld	a5,-56(s0)
    70000ba2:	fef43423          	sd	a5,-24(s0)
/embryos/chapter12/apps/stdio.c:82
    va_list ap;
    va_start(ap, fmt);
    70000ba6:	03040793          	addi	a5,s0,48
    70000baa:	faf43c23          	sd	a5,-72(s0)
    70000bae:	fb843783          	ld	a5,-72(s0)
    70000bb2:	fd078793          	addi	a5,a5,-48
    70000bb6:	fcf43823          	sd	a5,-48(s0)
/embryos/chapter12/apps/stdio.c:83
    vfprintf(&file, fmt, ap);
    70000bba:	fd043703          	ld	a4,-48(s0)
    70000bbe:	fd840793          	addi	a5,s0,-40
    70000bc2:	863a                	mv	a2,a4
    70000bc4:	fc043583          	ld	a1,-64(s0)
    70000bc8:	853e                	mv	a0,a5
    70000bca:	00000097          	auipc	ra,0x0
    70000bce:	c76080e7          	jalr	-906(ra) # 70000840 <vfprintf>
/embryos/chapter12/apps/stdio.c:85
    va_end(ap);
    s[file.offset] = 0;
    70000bd2:	fdc42783          	lw	a5,-36(s0)
    70000bd6:	1782                	slli	a5,a5,0x20
    70000bd8:	9381                	srli	a5,a5,0x20
    70000bda:	fc843703          	ld	a4,-56(s0)
    70000bde:	97ba                	add	a5,a5,a4
    70000be0:	00078023          	sb	zero,0(a5)
/embryos/chapter12/apps/stdio.c:86
}
    70000be4:	0001                	nop
    70000be6:	60a6                	ld	ra,72(sp)
    70000be8:	6406                	ld	s0,64(sp)
    70000bea:	6109                	addi	sp,sp,128
    70000bec:	8082                	ret

0000000070000bee <printf>:
printf():
/embryos/chapter12/apps/stdio.c:88

void printf(const char *fmt, ...) {
    70000bee:	7159                	addi	sp,sp,-112
    70000bf0:	f406                	sd	ra,40(sp)
    70000bf2:	f022                	sd	s0,32(sp)
    70000bf4:	1800                	addi	s0,sp,48
    70000bf6:	fca43c23          	sd	a0,-40(s0)
    70000bfa:	e40c                	sd	a1,8(s0)
    70000bfc:	e810                	sd	a2,16(s0)
    70000bfe:	ec14                	sd	a3,24(s0)
    70000c00:	f018                	sd	a4,32(s0)
    70000c02:	f41c                	sd	a5,40(s0)
    70000c04:	03043823          	sd	a6,48(s0)
    70000c08:	03143c23          	sd	a7,56(s0)
/embryos/chapter12/apps/stdio.c:90
    va_list ap;
    va_start(ap, fmt);
    70000c0c:	04040793          	addi	a5,s0,64
    70000c10:	fcf43823          	sd	a5,-48(s0)
    70000c14:	fd043783          	ld	a5,-48(s0)
    70000c18:	fc878793          	addi	a5,a5,-56
    70000c1c:	fef43423          	sd	a5,-24(s0)
/embryos/chapter12/apps/stdio.c:91
    vfprintf(stdout, fmt, ap);
    70000c20:	00002797          	auipc	a5,0x2
    70000c24:	25878793          	addi	a5,a5,600 # 70002e78 <stdout>
    70000c28:	639c                	ld	a5,0(a5)
    70000c2a:	fe843703          	ld	a4,-24(s0)
    70000c2e:	863a                	mv	a2,a4
    70000c30:	fd843583          	ld	a1,-40(s0)
    70000c34:	853e                	mv	a0,a5
    70000c36:	00000097          	auipc	ra,0x0
    70000c3a:	c0a080e7          	jalr	-1014(ra) # 70000840 <vfprintf>
/embryos/chapter12/apps/stdio.c:93
    va_end(ap);
}
    70000c3e:	0001                	nop
    70000c40:	70a2                	ld	ra,40(sp)
    70000c42:	7402                	ld	s0,32(sp)
    70000c44:	6165                	addi	sp,sp,112
    70000c46:	8082                	ret

0000000070000c48 <fopen>:
fopen():
/embryos/chapter12/apps/stdio.c:95

FILE *fopen(const char *name, const char *access) {
    70000c48:	7139                	addi	sp,sp,-64
    70000c4a:	fc06                	sd	ra,56(sp)
    70000c4c:	f822                	sd	s0,48(sp)
    70000c4e:	0080                	addi	s0,sp,64
    70000c50:	fca43423          	sd	a0,-56(s0)
    70000c54:	fcb43023          	sd	a1,-64(s0)
/embryos/chapter12/apps/stdio.c:96
    if (*access == 'r') {
    70000c58:	fc043783          	ld	a5,-64(s0)
    70000c5c:	0007c783          	lbu	a5,0(a5)
    70000c60:	873e                	mv	a4,a5
    70000c62:	07200793          	li	a5,114
    70000c66:	04f71b63          	bne	a4,a5,70000cbc <fopen+0x74>
/embryos/chapter12/apps/stdio.c:97
        int fh = dir_lookup(name);
    70000c6a:	fc843503          	ld	a0,-56(s0)
    70000c6e:	00000097          	auipc	ra,0x0
    70000c72:	28c080e7          	jalr	652(ra) # 70000efa <dir_lookup>
    70000c76:	87aa                	mv	a5,a0
    70000c78:	fcf42e23          	sw	a5,-36(s0)
/embryos/chapter12/apps/stdio.c:98
        if (fh < 0) return 0;
    70000c7c:	fdc42783          	lw	a5,-36(s0)
    70000c80:	2781                	sext.w	a5,a5
    70000c82:	0007d463          	bgez	a5,70000c8a <fopen+0x42>
/embryos/chapter12/apps/stdio.c:98 (discriminator 1)
    70000c86:	4781                	li	a5,0
/embryos/chapter12/apps/stdio.c:98
    70000c88:	a855                	j	70000d3c <fopen+0xf4>
/embryos/chapter12/apps/stdio.c:99
        FILE *file = calloc(1, sizeof(*file));
    70000c8a:	45e1                	li	a1,24
    70000c8c:	4505                	li	a0,1
    70000c8e:	00001097          	auipc	ra,0x1
    70000c92:	434080e7          	jalr	1076(ra) # 700020c2 <calloc>
    70000c96:	fca43823          	sd	a0,-48(s0)
/embryos/chapter12/apps/stdio.c:100
        if (file == 0) return 0;
    70000c9a:	fd043783          	ld	a5,-48(s0)
    70000c9e:	e399                	bnez	a5,70000ca4 <fopen+0x5c>
/embryos/chapter12/apps/stdio.c:100 (discriminator 1)
    70000ca0:	4781                	li	a5,0
/embryos/chapter12/apps/stdio.c:100
    70000ca2:	a869                	j	70000d3c <fopen+0xf4>
/embryos/chapter12/apps/stdio.c:101
        file->type = STDIO_FILE;
    70000ca4:	fd043783          	ld	a5,-48(s0)
    70000ca8:	4705                	li	a4,1
    70000caa:	c398                	sw	a4,0(a5)
/embryos/chapter12/apps/stdio.c:102
        file->u.file = fh;
    70000cac:	fd043783          	ld	a5,-48(s0)
    70000cb0:	fdc42703          	lw	a4,-36(s0)
    70000cb4:	cb98                	sw	a4,16(a5)
/embryos/chapter12/apps/stdio.c:103
        return file;
    70000cb6:	fd043783          	ld	a5,-48(s0)
    70000cba:	a049                	j	70000d3c <fopen+0xf4>
/embryos/chapter12/apps/stdio.c:105
    }
    if (*access == 'w') {
    70000cbc:	fc043783          	ld	a5,-64(s0)
    70000cc0:	0007c783          	lbu	a5,0(a5)
    70000cc4:	873e                	mv	a4,a5
    70000cc6:	07700793          	li	a5,119
    70000cca:	06f71863          	bne	a4,a5,70000d3a <fopen+0xf2>
/embryos/chapter12/apps/stdio.c:106
        int fh = user_create();     // create a new file
    70000cce:	fffff097          	auipc	ra,0xfffff
    70000cd2:	36e080e7          	jalr	878(ra) # 7000003c <user_create>
    70000cd6:	87aa                	mv	a5,a0
    70000cd8:	fef42623          	sw	a5,-20(s0)
/embryos/chapter12/apps/stdio.c:107
        if (fh < 0) return 0;
    70000cdc:	fec42783          	lw	a5,-20(s0)
    70000ce0:	2781                	sext.w	a5,a5
    70000ce2:	0007d463          	bgez	a5,70000cea <fopen+0xa2>
/embryos/chapter12/apps/stdio.c:107 (discriminator 1)
    70000ce6:	4781                	li	a5,0
/embryos/chapter12/apps/stdio.c:107
    70000ce8:	a891                	j	70000d3c <fopen+0xf4>
/embryos/chapter12/apps/stdio.c:108
        dir_delete(name);           // delete the old file if any
    70000cea:	fc843503          	ld	a0,-56(s0)
    70000cee:	00000097          	auipc	ra,0x0
    70000cf2:	3a0080e7          	jalr	928(ra) # 7000108e <dir_delete>
/embryos/chapter12/apps/stdio.c:109
        dir_create(name, fh);
    70000cf6:	fec42783          	lw	a5,-20(s0)
    70000cfa:	85be                	mv	a1,a5
    70000cfc:	fc843503          	ld	a0,-56(s0)
    70000d00:	00000097          	auipc	ra,0x0
    70000d04:	28e080e7          	jalr	654(ra) # 70000f8e <dir_create>
/embryos/chapter12/apps/stdio.c:110
        FILE *file = calloc(1, sizeof(*file));
    70000d08:	45e1                	li	a1,24
    70000d0a:	4505                	li	a0,1
    70000d0c:	00001097          	auipc	ra,0x1
    70000d10:	3b6080e7          	jalr	950(ra) # 700020c2 <calloc>
    70000d14:	fea43023          	sd	a0,-32(s0)
/embryos/chapter12/apps/stdio.c:111
        if (file == 0) return 0;
    70000d18:	fe043783          	ld	a5,-32(s0)
    70000d1c:	e399                	bnez	a5,70000d22 <fopen+0xda>
/embryos/chapter12/apps/stdio.c:111 (discriminator 1)
    70000d1e:	4781                	li	a5,0
/embryos/chapter12/apps/stdio.c:111
    70000d20:	a831                	j	70000d3c <fopen+0xf4>
/embryos/chapter12/apps/stdio.c:112
        file->type = STDIO_FILE;
    70000d22:	fe043783          	ld	a5,-32(s0)
    70000d26:	4705                	li	a4,1
    70000d28:	c398                	sw	a4,0(a5)
/embryos/chapter12/apps/stdio.c:113
        file->u.file = fh;
    70000d2a:	fe043783          	ld	a5,-32(s0)
    70000d2e:	fec42703          	lw	a4,-20(s0)
    70000d32:	cb98                	sw	a4,16(a5)
/embryos/chapter12/apps/stdio.c:114
        return file;
    70000d34:	fe043783          	ld	a5,-32(s0)
    70000d38:	a011                	j	70000d3c <fopen+0xf4>
/embryos/chapter12/apps/stdio.c:116
    }
    return 0;
    70000d3a:	4781                	li	a5,0
/embryos/chapter12/apps/stdio.c:117
}
    70000d3c:	853e                	mv	a0,a5
    70000d3e:	70e2                	ld	ra,56(sp)
    70000d40:	7442                	ld	s0,48(sp)
    70000d42:	6121                	addi	sp,sp,64
    70000d44:	8082                	ret

0000000070000d46 <freadline>:
freadline():
/embryos/chapter12/apps/stdio.c:119

char *freadline(char *str, int size, FILE *file) {
    70000d46:	7139                	addi	sp,sp,-64
    70000d48:	fc06                	sd	ra,56(sp)
    70000d4a:	f822                	sd	s0,48(sp)
    70000d4c:	0080                	addi	s0,sp,64
    70000d4e:	fca43c23          	sd	a0,-40(s0)
    70000d52:	87ae                	mv	a5,a1
    70000d54:	fcc43423          	sd	a2,-56(s0)
    70000d58:	fcf42a23          	sw	a5,-44(s0)
/embryos/chapter12/apps/stdio.c:120
    if (file->eof) return 0;
    70000d5c:	fc843783          	ld	a5,-56(s0)
    70000d60:	479c                	lw	a5,8(a5)
    70000d62:	c399                	beqz	a5,70000d68 <freadline+0x22>
/embryos/chapter12/apps/stdio.c:120 (discriminator 1)
    70000d64:	4781                	li	a5,0
/embryos/chapter12/apps/stdio.c:120
    70000d66:	a045                	j	70000e06 <freadline+0xc0>
/embryos/chapter12/apps/stdio.c:121
    int nread = 0;
    70000d68:	fe042623          	sw	zero,-20(s0)
/embryos/chapter12/apps/stdio.c:122
    while (nread < size - 1) {
    70000d6c:	a88d                	j	70000dde <freadline+0x98>
/embryos/chapter12/apps/stdio.c:123
        int n = user_read(file->u.file, file->offset, &str[nread], 1);
    70000d6e:	fc843783          	ld	a5,-56(s0)
    70000d72:	4b88                	lw	a0,16(a5)
    70000d74:	fc843783          	ld	a5,-56(s0)
    70000d78:	43dc                	lw	a5,4(a5)
    70000d7a:	85be                	mv	a1,a5
    70000d7c:	fec42783          	lw	a5,-20(s0)
    70000d80:	fd843703          	ld	a4,-40(s0)
    70000d84:	97ba                	add	a5,a5,a4
    70000d86:	4685                	li	a3,1
    70000d88:	863e                	mv	a2,a5
    70000d8a:	fffff097          	auipc	ra,0xfffff
    70000d8e:	2ba080e7          	jalr	698(ra) # 70000044 <user_read>
    70000d92:	87aa                	mv	a5,a0
    70000d94:	fef42423          	sw	a5,-24(s0)
/embryos/chapter12/apps/stdio.c:124
        if (n == 0) {
    70000d98:	fe842783          	lw	a5,-24(s0)
    70000d9c:	2781                	sext.w	a5,a5
    70000d9e:	e791                	bnez	a5,70000daa <freadline+0x64>
/embryos/chapter12/apps/stdio.c:125
            file->eof = 1;
    70000da0:	fc843783          	ld	a5,-56(s0)
    70000da4:	4705                	li	a4,1
    70000da6:	c798                	sw	a4,8(a5)
/embryos/chapter12/apps/stdio.c:126
            break;
    70000da8:	a0b1                	j	70000df4 <freadline+0xae>
/embryos/chapter12/apps/stdio.c:128
        }
        file->offset++;
    70000daa:	fc843783          	ld	a5,-56(s0)
    70000dae:	43dc                	lw	a5,4(a5)
    70000db0:	2785                	addiw	a5,a5,1
    70000db2:	0007871b          	sext.w	a4,a5
    70000db6:	fc843783          	ld	a5,-56(s0)
    70000dba:	c3d8                	sw	a4,4(a5)
/embryos/chapter12/apps/stdio.c:129
        nread++;
    70000dbc:	fec42783          	lw	a5,-20(s0)
    70000dc0:	2785                	addiw	a5,a5,1
    70000dc2:	fef42623          	sw	a5,-20(s0)
/embryos/chapter12/apps/stdio.c:130
        if (str[nread - 1] == '\n') break;
    70000dc6:	fec42783          	lw	a5,-20(s0)
    70000dca:	17fd                	addi	a5,a5,-1
    70000dcc:	fd843703          	ld	a4,-40(s0)
    70000dd0:	97ba                	add	a5,a5,a4
    70000dd2:	0007c783          	lbu	a5,0(a5)
    70000dd6:	873e                	mv	a4,a5
    70000dd8:	47a9                	li	a5,10
    70000dda:	00f70c63          	beq	a4,a5,70000df2 <freadline+0xac>
/embryos/chapter12/apps/stdio.c:122
    while (nread < size - 1) {
    70000dde:	fd442783          	lw	a5,-44(s0)
    70000de2:	37fd                	addiw	a5,a5,-1
    70000de4:	2781                	sext.w	a5,a5
    70000de6:	fec42703          	lw	a4,-20(s0)
    70000dea:	2701                	sext.w	a4,a4
    70000dec:	f8f741e3          	blt	a4,a5,70000d6e <freadline+0x28>
    70000df0:	a011                	j	70000df4 <freadline+0xae>
/embryos/chapter12/apps/stdio.c:130
        if (str[nread - 1] == '\n') break;
    70000df2:	0001                	nop
/embryos/chapter12/apps/stdio.c:132
    }
    str[nread] = 0;
    70000df4:	fec42783          	lw	a5,-20(s0)
    70000df8:	fd843703          	ld	a4,-40(s0)
    70000dfc:	97ba                	add	a5,a5,a4
    70000dfe:	00078023          	sb	zero,0(a5)
/embryos/chapter12/apps/stdio.c:133
    return str;
    70000e02:	fd843783          	ld	a5,-40(s0)
/embryos/chapter12/apps/stdio.c:134
}
    70000e06:	853e                	mv	a0,a5
    70000e08:	70e2                	ld	ra,56(sp)
    70000e0a:	7442                	ld	s0,48(sp)
    70000e0c:	6121                	addi	sp,sp,64
    70000e0e:	8082                	ret

0000000070000e10 <fgets>:
fgets():
/embryos/chapter12/apps/stdio.c:136

char *fgets(char *str, int size, FILE *file) {
    70000e10:	7179                	addi	sp,sp,-48
    70000e12:	f406                	sd	ra,40(sp)
    70000e14:	f022                	sd	s0,32(sp)
    70000e16:	1800                	addi	s0,sp,48
    70000e18:	fea43423          	sd	a0,-24(s0)
    70000e1c:	87ae                	mv	a5,a1
    70000e1e:	fcc43c23          	sd	a2,-40(s0)
    70000e22:	fef42223          	sw	a5,-28(s0)
/embryos/chapter12/apps/stdio.c:137
    switch (file->type) {
    70000e26:	fd843783          	ld	a5,-40(s0)
    70000e2a:	439c                	lw	a5,0(a5)
    70000e2c:	c789                	beqz	a5,70000e36 <fgets+0x26>
    70000e2e:	4705                	li	a4,1
    70000e30:	02e78363          	beq	a5,a4,70000e56 <fgets+0x46>
    70000e34:	a835                	j	70000e70 <fgets+0x60>
/embryos/chapter12/apps/stdio.c:139
    case STDIO_DEV:
        return readline(str, size) ? str : 0;
    70000e36:	fe442783          	lw	a5,-28(s0)
    70000e3a:	85be                	mv	a1,a5
    70000e3c:	fe843503          	ld	a0,-24(s0)
    70000e40:	00001097          	auipc	ra,0x1
    70000e44:	162080e7          	jalr	354(ra) # 70001fa2 <readline>
    70000e48:	87aa                	mv	a5,a0
/embryos/chapter12/apps/stdio.c:139 (discriminator 1)
    70000e4a:	c781                	beqz	a5,70000e52 <fgets+0x42>
/embryos/chapter12/apps/stdio.c:139 (discriminator 2)
    70000e4c:	fe843783          	ld	a5,-24(s0)
/embryos/chapter12/apps/stdio.c:139
    70000e50:	a00d                	j	70000e72 <fgets+0x62>
/embryos/chapter12/apps/stdio.c:139 (discriminator 3)
    70000e52:	4781                	li	a5,0
/embryos/chapter12/apps/stdio.c:139
    70000e54:	a839                	j	70000e72 <fgets+0x62>
/embryos/chapter12/apps/stdio.c:141
    case STDIO_FILE:
        return freadline(str, size, file);
    70000e56:	fe442783          	lw	a5,-28(s0)
    70000e5a:	fd843603          	ld	a2,-40(s0)
    70000e5e:	85be                	mv	a1,a5
    70000e60:	fe843503          	ld	a0,-24(s0)
    70000e64:	00000097          	auipc	ra,0x0
    70000e68:	ee2080e7          	jalr	-286(ra) # 70000d46 <freadline>
    70000e6c:	87aa                	mv	a5,a0
    70000e6e:	a011                	j	70000e72 <fgets+0x62>
/embryos/chapter12/apps/stdio.c:143
    default:
        return 0;
    70000e70:	4781                	li	a5,0
/embryos/chapter12/apps/stdio.c:145
    }
}
    70000e72:	853e                	mv	a0,a5
    70000e74:	70a2                	ld	ra,40(sp)
    70000e76:	7402                	ld	s0,32(sp)
    70000e78:	6145                	addi	sp,sp,48
    70000e7a:	8082                	ret

0000000070000e7c <feof>:
feof():
/embryos/chapter12/apps/stdio.c:147

int feof(FILE *file) { return file->eof; }
    70000e7c:	1101                	addi	sp,sp,-32
    70000e7e:	ec06                	sd	ra,24(sp)
    70000e80:	e822                	sd	s0,16(sp)
    70000e82:	1000                	addi	s0,sp,32
    70000e84:	fea43423          	sd	a0,-24(s0)
    70000e88:	fe843783          	ld	a5,-24(s0)
    70000e8c:	479c                	lw	a5,8(a5)
    70000e8e:	853e                	mv	a0,a5
    70000e90:	60e2                	ld	ra,24(sp)
    70000e92:	6442                	ld	s0,16(sp)
    70000e94:	6105                	addi	sp,sp,32
    70000e96:	8082                	ret

0000000070000e98 <fflush>:
fflush():
/embryos/chapter12/apps/stdio.c:149

void fflush(FILE *file) { /* no buffering */ }
    70000e98:	1101                	addi	sp,sp,-32
    70000e9a:	ec06                	sd	ra,24(sp)
    70000e9c:	e822                	sd	s0,16(sp)
    70000e9e:	1000                	addi	s0,sp,32
    70000ea0:	fea43423          	sd	a0,-24(s0)
    70000ea4:	0001                	nop
    70000ea6:	60e2                	ld	ra,24(sp)
    70000ea8:	6442                	ld	s0,16(sp)
    70000eaa:	6105                	addi	sp,sp,32
    70000eac:	8082                	ret

0000000070000eae <clearerr>:
clearerr():
/embryos/chapter12/apps/stdio.c:151

void clearerr(FILE *file) { file->eof = 0; }
    70000eae:	1101                	addi	sp,sp,-32
    70000eb0:	ec06                	sd	ra,24(sp)
    70000eb2:	e822                	sd	s0,16(sp)
    70000eb4:	1000                	addi	s0,sp,32
    70000eb6:	fea43423          	sd	a0,-24(s0)
    70000eba:	fe843783          	ld	a5,-24(s0)
    70000ebe:	0007a423          	sw	zero,8(a5)
    70000ec2:	0001                	nop
    70000ec4:	60e2                	ld	ra,24(sp)
    70000ec6:	6442                	ld	s0,16(sp)
    70000ec8:	6105                	addi	sp,sp,32
    70000eca:	8082                	ret

0000000070000ecc <fclose>:
fclose():
/embryos/chapter12/apps/stdio.c:153

void fclose(FILE *file) {
    70000ecc:	1101                	addi	sp,sp,-32
    70000ece:	ec06                	sd	ra,24(sp)
    70000ed0:	e822                	sd	s0,16(sp)
    70000ed2:	1000                	addi	s0,sp,32
    70000ed4:	fea43423          	sd	a0,-24(s0)
/embryos/chapter12/apps/stdio.c:154
    if (file->type == STDIO_FILE) free(file);
    70000ed8:	fe843783          	ld	a5,-24(s0)
    70000edc:	4398                	lw	a4,0(a5)
    70000ede:	4785                	li	a5,1
    70000ee0:	00f71863          	bne	a4,a5,70000ef0 <fclose+0x24>
/embryos/chapter12/apps/stdio.c:154 (discriminator 1)
    70000ee4:	fe843503          	ld	a0,-24(s0)
    70000ee8:	00001097          	auipc	ra,0x1
    70000eec:	2d2080e7          	jalr	722(ra) # 700021ba <free>
/embryos/chapter12/apps/stdio.c:155
}
    70000ef0:	0001                	nop
    70000ef2:	60e2                	ld	ra,24(sp)
    70000ef4:	6442                	ld	s0,16(sp)
    70000ef6:	6105                	addi	sp,sp,32
    70000ef8:	8082                	ret

0000000070000efa <dir_lookup>:
dir_lookup():
/embryos/chapter12/apps/dir.c:5
#include "syslib.h"
#include "string.h"
#include "dir.h"

int dir_lookup(const char *name) {
    70000efa:	7139                	addi	sp,sp,-64
    70000efc:	fc06                	sd	ra,56(sp)
    70000efe:	f822                	sd	s0,48(sp)
    70000f00:	0080                	addi	s0,sp,64
    70000f02:	fca43423          	sd	a0,-56(s0)
/embryos/chapter12/apps/dir.c:7
    struct dirent e;
    int n = user_size(ROOT_DIR) / sizeof e;
    70000f06:	4505                	li	a0,1
    70000f08:	fffff097          	auipc	ra,0xfffff
    70000f0c:	14c080e7          	jalr	332(ra) # 70000054 <user_size>
    70000f10:	87aa                	mv	a5,a0
/embryos/chapter12/apps/dir.c:7 (discriminator 1)
    70000f12:	8391                	srli	a5,a5,0x4
    70000f14:	fef42423          	sw	a5,-24(s0)
/embryos/chapter12/apps/dir.c:8
    for (int i = 0; i < n; i++) {
    70000f18:	fe042623          	sw	zero,-20(s0)
    70000f1c:	a891                	j	70000f70 <dir_lookup+0x76>
/embryos/chapter12/apps/dir.c:9
        user_read(ROOT_DIR, i * sizeof e, &e, sizeof e);
    70000f1e:	fec42783          	lw	a5,-20(s0)
    70000f22:	0047979b          	slliw	a5,a5,0x4
    70000f26:	2781                	sext.w	a5,a5
    70000f28:	873e                	mv	a4,a5
    70000f2a:	fd840793          	addi	a5,s0,-40
    70000f2e:	46c1                	li	a3,16
    70000f30:	863e                	mv	a2,a5
    70000f32:	85ba                	mv	a1,a4
    70000f34:	4505                	li	a0,1
    70000f36:	fffff097          	auipc	ra,0xfffff
    70000f3a:	10e080e7          	jalr	270(ra) # 70000044 <user_read>
/embryos/chapter12/apps/dir.c:10
        if (e.file != 0) {
    70000f3e:	fe645783          	lhu	a5,-26(s0)
    70000f42:	c395                	beqz	a5,70000f66 <dir_lookup+0x6c>
/embryos/chapter12/apps/dir.c:11
            e.name[NAME_LEN - 1] = 0;
    70000f44:	fe0402a3          	sb	zero,-27(s0)
/embryos/chapter12/apps/dir.c:12
            if (strcmp(e.name, name) == 0) return e.file;
    70000f48:	fd840793          	addi	a5,s0,-40
    70000f4c:	fc843583          	ld	a1,-56(s0)
    70000f50:	853e                	mv	a0,a5
    70000f52:	fffff097          	auipc	ra,0xfffff
    70000f56:	1c8080e7          	jalr	456(ra) # 7000011a <strcmp>
    70000f5a:	87aa                	mv	a5,a0
/embryos/chapter12/apps/dir.c:12 (discriminator 1)
    70000f5c:	e789                	bnez	a5,70000f66 <dir_lookup+0x6c>
/embryos/chapter12/apps/dir.c:12 (discriminator 2)
    70000f5e:	fe645783          	lhu	a5,-26(s0)
    70000f62:	2781                	sext.w	a5,a5
/embryos/chapter12/apps/dir.c:12
    70000f64:	a005                	j	70000f84 <dir_lookup+0x8a>
/embryos/chapter12/apps/dir.c:8 (discriminator 2)
    for (int i = 0; i < n; i++) {
    70000f66:	fec42783          	lw	a5,-20(s0)
    70000f6a:	2785                	addiw	a5,a5,1
    70000f6c:	fef42623          	sw	a5,-20(s0)
/embryos/chapter12/apps/dir.c:8 (discriminator 1)
    70000f70:	fec42783          	lw	a5,-20(s0)
    70000f74:	873e                	mv	a4,a5
    70000f76:	fe842783          	lw	a5,-24(s0)
    70000f7a:	2701                	sext.w	a4,a4
    70000f7c:	2781                	sext.w	a5,a5
    70000f7e:	faf740e3          	blt	a4,a5,70000f1e <dir_lookup+0x24>
/embryos/chapter12/apps/dir.c:15
        }
    }
    return -1;
    70000f82:	57fd                	li	a5,-1
/embryos/chapter12/apps/dir.c:16
}
    70000f84:	853e                	mv	a0,a5
    70000f86:	70e2                	ld	ra,56(sp)
    70000f88:	7442                	ld	s0,48(sp)
    70000f8a:	6121                	addi	sp,sp,64
    70000f8c:	8082                	ret

0000000070000f8e <dir_create>:
dir_create():
/embryos/chapter12/apps/dir.c:18

int dir_create(const char *name, int file) {
    70000f8e:	7139                	addi	sp,sp,-64
    70000f90:	fc06                	sd	ra,56(sp)
    70000f92:	f822                	sd	s0,48(sp)
    70000f94:	0080                	addi	s0,sp,64
    70000f96:	fca43423          	sd	a0,-56(s0)
    70000f9a:	87ae                	mv	a5,a1
    70000f9c:	fcf42223          	sw	a5,-60(s0)
/embryos/chapter12/apps/dir.c:19
    if (strlen(name) >= NAME_LEN - 1) return -1;
    70000fa0:	fc843503          	ld	a0,-56(s0)
    70000fa4:	fffff097          	auipc	ra,0xfffff
    70000fa8:	2fc080e7          	jalr	764(ra) # 700002a0 <strlen>
    70000fac:	872a                	mv	a4,a0
/embryos/chapter12/apps/dir.c:19 (discriminator 1)
    70000fae:	47b1                	li	a5,12
    70000fb0:	00e7f463          	bgeu	a5,a4,70000fb8 <dir_create+0x2a>
/embryos/chapter12/apps/dir.c:19 (discriminator 2)
    70000fb4:	57fd                	li	a5,-1
/embryos/chapter12/apps/dir.c:19
    70000fb6:	a0f9                	j	70001084 <dir_create+0xf6>
/embryos/chapter12/apps/dir.c:21
    struct dirent e;
    int n = user_size(ROOT_DIR) / sizeof e, unused = n;
    70000fb8:	4505                	li	a0,1
    70000fba:	fffff097          	auipc	ra,0xfffff
    70000fbe:	09a080e7          	jalr	154(ra) # 70000054 <user_size>
    70000fc2:	87aa                	mv	a5,a0
/embryos/chapter12/apps/dir.c:21 (discriminator 1)
    70000fc4:	8391                	srli	a5,a5,0x4
    70000fc6:	fef42223          	sw	a5,-28(s0)
    70000fca:	fe442783          	lw	a5,-28(s0)
    70000fce:	fef42623          	sw	a5,-20(s0)
/embryos/chapter12/apps/dir.c:22
    for (int i = 0; i < n; i++) {
    70000fd2:	fe042423          	sw	zero,-24(s0)
    70000fd6:	a8a9                	j	70001030 <dir_create+0xa2>
/embryos/chapter12/apps/dir.c:23
        user_read(ROOT_DIR, i * sizeof e, &e, sizeof e);
    70000fd8:	fe842783          	lw	a5,-24(s0)
    70000fdc:	0047979b          	slliw	a5,a5,0x4
    70000fe0:	2781                	sext.w	a5,a5
    70000fe2:	873e                	mv	a4,a5
    70000fe4:	fd040793          	addi	a5,s0,-48
    70000fe8:	46c1                	li	a3,16
    70000fea:	863e                	mv	a2,a5
    70000fec:	85ba                	mv	a1,a4
    70000fee:	4505                	li	a0,1
    70000ff0:	fffff097          	auipc	ra,0xfffff
    70000ff4:	054080e7          	jalr	84(ra) # 70000044 <user_read>
/embryos/chapter12/apps/dir.c:24
        if (e.file == 0) unused = i;
    70000ff8:	fde45783          	lhu	a5,-34(s0)
    70000ffc:	e791                	bnez	a5,70001008 <dir_create+0x7a>
/embryos/chapter12/apps/dir.c:24 (discriminator 1)
    70000ffe:	fe842783          	lw	a5,-24(s0)
    70001002:	fef42623          	sw	a5,-20(s0)
    70001006:	a005                	j	70001026 <dir_create+0x98>
/embryos/chapter12/apps/dir.c:26
        else {
            e.name[NAME_LEN - 1] = 0;
    70001008:	fc040ea3          	sb	zero,-35(s0)
/embryos/chapter12/apps/dir.c:27
            if (strcmp(e.name, name) == 0) return -1;
    7000100c:	fd040793          	addi	a5,s0,-48
    70001010:	fc843583          	ld	a1,-56(s0)
    70001014:	853e                	mv	a0,a5
    70001016:	fffff097          	auipc	ra,0xfffff
    7000101a:	104080e7          	jalr	260(ra) # 7000011a <strcmp>
    7000101e:	87aa                	mv	a5,a0
/embryos/chapter12/apps/dir.c:27 (discriminator 1)
    70001020:	e399                	bnez	a5,70001026 <dir_create+0x98>
/embryos/chapter12/apps/dir.c:27 (discriminator 2)
    70001022:	57fd                	li	a5,-1
/embryos/chapter12/apps/dir.c:27
    70001024:	a085                	j	70001084 <dir_create+0xf6>
/embryos/chapter12/apps/dir.c:22 (discriminator 2)
    for (int i = 0; i < n; i++) {
    70001026:	fe842783          	lw	a5,-24(s0)
    7000102a:	2785                	addiw	a5,a5,1
    7000102c:	fef42423          	sw	a5,-24(s0)
/embryos/chapter12/apps/dir.c:22 (discriminator 1)
    70001030:	fe842783          	lw	a5,-24(s0)
    70001034:	873e                	mv	a4,a5
    70001036:	fe442783          	lw	a5,-28(s0)
    7000103a:	2701                	sext.w	a4,a4
    7000103c:	2781                	sext.w	a5,a5
    7000103e:	f8f74de3          	blt	a4,a5,70000fd8 <dir_create+0x4a>
/embryos/chapter12/apps/dir.c:30
        }
    }
    e.file = file;
    70001042:	fc442783          	lw	a5,-60(s0)
    70001046:	17c2                	slli	a5,a5,0x30
    70001048:	93c1                	srli	a5,a5,0x30
    7000104a:	fcf41f23          	sh	a5,-34(s0)
/embryos/chapter12/apps/dir.c:31
    strcpy(e.name, name);
    7000104e:	fd040793          	addi	a5,s0,-48
    70001052:	fc843583          	ld	a1,-56(s0)
    70001056:	853e                	mv	a0,a5
    70001058:	fffff097          	auipc	ra,0xfffff
    7000105c:	16a080e7          	jalr	362(ra) # 700001c2 <strcpy>
/embryos/chapter12/apps/dir.c:32
    user_write(ROOT_DIR, unused * sizeof(e), &e, sizeof(e));
    70001060:	fec42783          	lw	a5,-20(s0)
    70001064:	0047979b          	slliw	a5,a5,0x4
    70001068:	2781                	sext.w	a5,a5
    7000106a:	873e                	mv	a4,a5
    7000106c:	fd040793          	addi	a5,s0,-48
    70001070:	46c1                	li	a3,16
    70001072:	863e                	mv	a2,a5
    70001074:	85ba                	mv	a1,a4
    70001076:	4505                	li	a0,1
    70001078:	fffff097          	auipc	ra,0xfffff
    7000107c:	fd4080e7          	jalr	-44(ra) # 7000004c <user_write>
/embryos/chapter12/apps/dir.c:33
    return file;
    70001080:	fc442783          	lw	a5,-60(s0)
/embryos/chapter12/apps/dir.c:34
}
    70001084:	853e                	mv	a0,a5
    70001086:	70e2                	ld	ra,56(sp)
    70001088:	7442                	ld	s0,48(sp)
    7000108a:	6121                	addi	sp,sp,64
    7000108c:	8082                	ret

000000007000108e <dir_delete>:
dir_delete():
/embryos/chapter12/apps/dir.c:36

void dir_delete(const char *name) {
    7000108e:	7139                	addi	sp,sp,-64
    70001090:	fc06                	sd	ra,56(sp)
    70001092:	f822                	sd	s0,48(sp)
    70001094:	0080                	addi	s0,sp,64
    70001096:	fca43423          	sd	a0,-56(s0)
/embryos/chapter12/apps/dir.c:38
    struct dirent e;
    int n = user_size(ROOT_DIR) / sizeof e;
    7000109a:	4505                	li	a0,1
    7000109c:	fffff097          	auipc	ra,0xfffff
    700010a0:	fb8080e7          	jalr	-72(ra) # 70000054 <user_size>
    700010a4:	87aa                	mv	a5,a0
/embryos/chapter12/apps/dir.c:38 (discriminator 1)
    700010a6:	8391                	srli	a5,a5,0x4
    700010a8:	fef42423          	sw	a5,-24(s0)
/embryos/chapter12/apps/dir.c:39
    for (int i = 0; i < n; i++) {
    700010ac:	fe042623          	sw	zero,-20(s0)
    700010b0:	a851                	j	70001144 <dir_delete+0xb6>
/embryos/chapter12/apps/dir.c:40
        user_read(ROOT_DIR, i * sizeof e, &e, sizeof e);
    700010b2:	fec42783          	lw	a5,-20(s0)
    700010b6:	0047979b          	slliw	a5,a5,0x4
    700010ba:	2781                	sext.w	a5,a5
    700010bc:	873e                	mv	a4,a5
    700010be:	fd840793          	addi	a5,s0,-40
    700010c2:	46c1                	li	a3,16
    700010c4:	863e                	mv	a2,a5
    700010c6:	85ba                	mv	a1,a4
    700010c8:	4505                	li	a0,1
    700010ca:	fffff097          	auipc	ra,0xfffff
    700010ce:	f7a080e7          	jalr	-134(ra) # 70000044 <user_read>
/embryos/chapter12/apps/dir.c:41
        e.name[NAME_LEN - 1] = 0;
    700010d2:	fe0402a3          	sb	zero,-27(s0)
/embryos/chapter12/apps/dir.c:42
        if (e.file != 0) {
    700010d6:	fe645783          	lhu	a5,-26(s0)
    700010da:	c3a5                	beqz	a5,7000113a <dir_delete+0xac>
/embryos/chapter12/apps/dir.c:43
            e.name[NAME_LEN - 1] = 0;
    700010dc:	fe0402a3          	sb	zero,-27(s0)
/embryos/chapter12/apps/dir.c:44
            if (strcmp(e.name, name) == 0) {
    700010e0:	fd840793          	addi	a5,s0,-40
    700010e4:	fc843583          	ld	a1,-56(s0)
    700010e8:	853e                	mv	a0,a5
    700010ea:	fffff097          	auipc	ra,0xfffff
    700010ee:	030080e7          	jalr	48(ra) # 7000011a <strcmp>
    700010f2:	87aa                	mv	a5,a0
/embryos/chapter12/apps/dir.c:44 (discriminator 1)
    700010f4:	e3b9                	bnez	a5,7000113a <dir_delete+0xac>
/embryos/chapter12/apps/dir.c:45
                user_delete(e.file);
    700010f6:	fe645783          	lhu	a5,-26(s0)
    700010fa:	2781                	sext.w	a5,a5
    700010fc:	853e                	mv	a0,a5
    700010fe:	fffff097          	auipc	ra,0xfffff
    70001102:	f5e080e7          	jalr	-162(ra) # 7000005c <user_delete>
/embryos/chapter12/apps/dir.c:46
                memset(&e, 0, sizeof(e));
    70001106:	fd840793          	addi	a5,s0,-40
    7000110a:	4641                	li	a2,16
    7000110c:	4581                	li	a1,0
    7000110e:	853e                	mv	a0,a5
    70001110:	fffff097          	auipc	ra,0xfffff
    70001114:	52c080e7          	jalr	1324(ra) # 7000063c <memset>
/embryos/chapter12/apps/dir.c:47
                user_write(ROOT_DIR, i * sizeof e, &e, sizeof e);
    70001118:	fec42783          	lw	a5,-20(s0)
    7000111c:	0047979b          	slliw	a5,a5,0x4
    70001120:	2781                	sext.w	a5,a5
    70001122:	873e                	mv	a4,a5
    70001124:	fd840793          	addi	a5,s0,-40
    70001128:	46c1                	li	a3,16
    7000112a:	863e                	mv	a2,a5
    7000112c:	85ba                	mv	a1,a4
    7000112e:	4505                	li	a0,1
    70001130:	fffff097          	auipc	ra,0xfffff
    70001134:	f1c080e7          	jalr	-228(ra) # 7000004c <user_write>
/embryos/chapter12/apps/dir.c:48
                break;
    70001138:	a005                	j	70001158 <dir_delete+0xca>
/embryos/chapter12/apps/dir.c:39 (discriminator 2)
    for (int i = 0; i < n; i++) {
    7000113a:	fec42783          	lw	a5,-20(s0)
    7000113e:	2785                	addiw	a5,a5,1
    70001140:	fef42623          	sw	a5,-20(s0)
/embryos/chapter12/apps/dir.c:39 (discriminator 1)
    70001144:	fec42783          	lw	a5,-20(s0)
    70001148:	873e                	mv	a4,a5
    7000114a:	fe842783          	lw	a5,-24(s0)
    7000114e:	2701                	sext.w	a4,a4
    70001150:	2781                	sext.w	a5,a5
    70001152:	f6f740e3          	blt	a4,a5,700010b2 <dir_delete+0x24>
/embryos/chapter12/apps/dir.c:52
            }
        }
    }
}
    70001156:	0001                	nop
    70001158:	0001                	nop
    7000115a:	70e2                	ld	ra,56(sp)
    7000115c:	7442                	ld	s0,48(sp)
    7000115e:	6121                	addi	sp,sp,64
    70001160:	8082                	ret

0000000070001162 <dir_list>:
dir_list():
/embryos/chapter12/apps/dir.c:54

void dir_list(void (*fn)(const char *name, int file)) {
    70001162:	7139                	addi	sp,sp,-64
    70001164:	fc06                	sd	ra,56(sp)
    70001166:	f822                	sd	s0,48(sp)
    70001168:	0080                	addi	s0,sp,64
    7000116a:	fca43423          	sd	a0,-56(s0)
/embryos/chapter12/apps/dir.c:56
    struct dirent e;
    int n = user_size(ROOT_DIR) / sizeof e;
    7000116e:	4505                	li	a0,1
    70001170:	fffff097          	auipc	ra,0xfffff
    70001174:	ee4080e7          	jalr	-284(ra) # 70000054 <user_size>
    70001178:	87aa                	mv	a5,a0
/embryos/chapter12/apps/dir.c:56 (discriminator 1)
    7000117a:	8391                	srli	a5,a5,0x4
    7000117c:	fef42423          	sw	a5,-24(s0)
/embryos/chapter12/apps/dir.c:57
    for (int i = 0; i < n; i++) {
    70001180:	fe042623          	sw	zero,-20(s0)
    70001184:	a0b1                	j	700011d0 <dir_list+0x6e>
/embryos/chapter12/apps/dir.c:58
        user_read(ROOT_DIR, i * sizeof e, &e, sizeof e);
    70001186:	fec42783          	lw	a5,-20(s0)
    7000118a:	0047979b          	slliw	a5,a5,0x4
    7000118e:	2781                	sext.w	a5,a5
    70001190:	873e                	mv	a4,a5
    70001192:	fd840793          	addi	a5,s0,-40
    70001196:	46c1                	li	a3,16
    70001198:	863e                	mv	a2,a5
    7000119a:	85ba                	mv	a1,a4
    7000119c:	4505                	li	a0,1
    7000119e:	fffff097          	auipc	ra,0xfffff
    700011a2:	ea6080e7          	jalr	-346(ra) # 70000044 <user_read>
/embryos/chapter12/apps/dir.c:59
        if (e.file != 0) {
    700011a6:	fe645783          	lhu	a5,-26(s0)
    700011aa:	cf91                	beqz	a5,700011c6 <dir_list+0x64>
/embryos/chapter12/apps/dir.c:60
            e.name[NAME_LEN - 1] = 0;
    700011ac:	fe0402a3          	sb	zero,-27(s0)
/embryos/chapter12/apps/dir.c:61
            fn(e.name, e.file);
    700011b0:	fe645783          	lhu	a5,-26(s0)
    700011b4:	0007869b          	sext.w	a3,a5
    700011b8:	fd840713          	addi	a4,s0,-40
    700011bc:	fc843783          	ld	a5,-56(s0)
    700011c0:	85b6                	mv	a1,a3
    700011c2:	853a                	mv	a0,a4
    700011c4:	9782                	jalr	a5
/embryos/chapter12/apps/dir.c:57 (discriminator 2)
    for (int i = 0; i < n; i++) {
    700011c6:	fec42783          	lw	a5,-20(s0)
    700011ca:	2785                	addiw	a5,a5,1
    700011cc:	fef42623          	sw	a5,-20(s0)
/embryos/chapter12/apps/dir.c:57 (discriminator 1)
    700011d0:	fec42783          	lw	a5,-20(s0)
    700011d4:	873e                	mv	a4,a5
    700011d6:	fe842783          	lw	a5,-24(s0)
    700011da:	2701                	sext.w	a4,a4
    700011dc:	2781                	sext.w	a5,a5
    700011de:	faf744e3          	blt	a4,a5,70001186 <dir_list+0x24>
/embryos/chapter12/apps/dir.c:64
        }
    }
}
    700011e2:	0001                	nop
    700011e4:	0001                	nop
    700011e6:	70e2                	ld	ra,56(sp)
    700011e8:	7442                	ld	s0,48(sp)
    700011ea:	6121                	addi	sp,sp,64
    700011ec:	8082                	ret

00000000700011ee <idx>:
idx():
/embryos/chapter12/apps/blockpixel.c:12
#define BP_IS_DIRTY(b)        ((b) & BP_DIRTY_MASK)
#define BP_SET_DIRTY(b)       ((b) |=  BP_DIRTY_MASK)
#define BP_CLEAR_DIRTY(b)     ((b) &= ~BP_DIRTY_MASK)
#define BP_MAKE(color, dirty) (((color)&7) | ((dirty)?BP_DIRTY_MASK:0))

static inline int idx(struct bp *bp, int px, int py) {
    700011ee:	1101                	addi	sp,sp,-32
    700011f0:	ec06                	sd	ra,24(sp)
    700011f2:	e822                	sd	s0,16(sp)
    700011f4:	1000                	addi	s0,sp,32
    700011f6:	fea43423          	sd	a0,-24(s0)
    700011fa:	87ae                	mv	a5,a1
    700011fc:	8732                	mv	a4,a2
    700011fe:	fef42223          	sw	a5,-28(s0)
    70001202:	87ba                	mv	a5,a4
    70001204:	fef42023          	sw	a5,-32(s0)
/embryos/chapter12/apps/blockpixel.c:13
    return py * bp->width + px;
    70001208:	fe843783          	ld	a5,-24(s0)
    7000120c:	479c                	lw	a5,8(a5)
    7000120e:	fe042703          	lw	a4,-32(s0)
    70001212:	02f707bb          	mulw	a5,a4,a5
    70001216:	2781                	sext.w	a5,a5
    70001218:	fe442703          	lw	a4,-28(s0)
    7000121c:	9fb9                	addw	a5,a5,a4
    7000121e:	2781                	sext.w	a5,a5
/embryos/chapter12/apps/blockpixel.c:14
}
    70001220:	853e                	mv	a0,a5
    70001222:	60e2                	ld	ra,24(sp)
    70001224:	6442                	ld	s0,16(sp)
    70001226:	6105                	addi	sp,sp,32
    70001228:	8082                	ret

000000007000122a <bp_render_pair>:
bp_render_pair():
/embryos/chapter12/apps/blockpixel.c:17

static inline void bp_render_pair(uint8_t top_color, uint8_t bottom_color,
                                  int *code, int *fg, int *bg) {
    7000122a:	7179                	addi	sp,sp,-48
    7000122c:	f406                	sd	ra,40(sp)
    7000122e:	f022                	sd	s0,32(sp)
    70001230:	1800                	addi	s0,sp,48
    70001232:	87aa                	mv	a5,a0
    70001234:	fec43023          	sd	a2,-32(s0)
    70001238:	fcd43c23          	sd	a3,-40(s0)
    7000123c:	fce43823          	sd	a4,-48(s0)
    70001240:	fef407a3          	sb	a5,-17(s0)
    70001244:	87ae                	mv	a5,a1
    70001246:	fef40723          	sb	a5,-18(s0)
/embryos/chapter12/apps/blockpixel.c:18
    if (top_color == bottom_color) { // Entire cell drawn using background
    7000124a:	fef44783          	lbu	a5,-17(s0)
    7000124e:	873e                	mv	a4,a5
    70001250:	fee44783          	lbu	a5,-18(s0)
    70001254:	0ff77713          	zext.b	a4,a4
    70001258:	0ff7f793          	zext.b	a5,a5
    7000125c:	02f71563          	bne	a4,a5,70001286 <bp_render_pair+0x5c>
/embryos/chapter12/apps/blockpixel.c:19
        *code = 0; // space with bg filling the full cell
    70001260:	fe043783          	ld	a5,-32(s0)
    70001264:	0007a023          	sw	zero,0(a5)
/embryos/chapter12/apps/blockpixel.c:20
        *fg = top_color; *bg = top_color;
    70001268:	fef44783          	lbu	a5,-17(s0)
    7000126c:	0007871b          	sext.w	a4,a5
    70001270:	fd843783          	ld	a5,-40(s0)
    70001274:	c398                	sw	a4,0(a5)
    70001276:	fef44783          	lbu	a5,-17(s0)
    7000127a:	0007871b          	sext.w	a4,a5
    7000127e:	fd043783          	ld	a5,-48(s0)
    70001282:	c398                	sw	a4,0(a5)
/embryos/chapter12/apps/blockpixel.c:26
    }
    else { // Mixed colors: choose canonical representation
        *code = 1; // top pixel = fg, bottom pixel = bg
        *fg = top_color; *bg = bottom_color;
    }
}
    70001284:	a01d                	j	700012aa <bp_render_pair+0x80>
/embryos/chapter12/apps/blockpixel.c:23
        *code = 1; // top pixel = fg, bottom pixel = bg
    70001286:	fe043783          	ld	a5,-32(s0)
    7000128a:	4705                	li	a4,1
    7000128c:	c398                	sw	a4,0(a5)
/embryos/chapter12/apps/blockpixel.c:24
        *fg = top_color; *bg = bottom_color;
    7000128e:	fef44783          	lbu	a5,-17(s0)
    70001292:	0007871b          	sext.w	a4,a5
    70001296:	fd843783          	ld	a5,-40(s0)
    7000129a:	c398                	sw	a4,0(a5)
    7000129c:	fee44783          	lbu	a5,-18(s0)
    700012a0:	0007871b          	sext.w	a4,a5
    700012a4:	fd043783          	ld	a5,-48(s0)
    700012a8:	c398                	sw	a4,0(a5)
/embryos/chapter12/apps/blockpixel.c:26
}
    700012aa:	0001                	nop
    700012ac:	70a2                	ld	ra,40(sp)
    700012ae:	7402                	ld	s0,32(sp)
    700012b0:	6145                	addi	sp,sp,48
    700012b2:	8082                	ret

00000000700012b4 <bp_init>:
bp_init():
/embryos/chapter12/apps/blockpixel.c:29

void bp_init(struct bp *bp, int x, int y, int width, int height,
                                 uint8_t *buffer) {
    700012b4:	7139                	addi	sp,sp,-64
    700012b6:	fc06                	sd	ra,56(sp)
    700012b8:	f822                	sd	s0,48(sp)
    700012ba:	0080                	addi	s0,sp,64
    700012bc:	fca43c23          	sd	a0,-40(s0)
    700012c0:	fcf43023          	sd	a5,-64(s0)
    700012c4:	87ae                	mv	a5,a1
    700012c6:	fcf42a23          	sw	a5,-44(s0)
    700012ca:	87b2                	mv	a5,a2
    700012cc:	fcf42823          	sw	a5,-48(s0)
    700012d0:	87b6                	mv	a5,a3
    700012d2:	fcf42623          	sw	a5,-52(s0)
    700012d6:	87ba                	mv	a5,a4
    700012d8:	fcf42423          	sw	a5,-56(s0)
/embryos/chapter12/apps/blockpixel.c:30
    bp->x = x; bp->y = y; bp->width = width; bp->height = height;
    700012dc:	fd843783          	ld	a5,-40(s0)
    700012e0:	fd442703          	lw	a4,-44(s0)
    700012e4:	c398                	sw	a4,0(a5)
    700012e6:	fd843783          	ld	a5,-40(s0)
    700012ea:	fd042703          	lw	a4,-48(s0)
    700012ee:	c3d8                	sw	a4,4(a5)
    700012f0:	fd843783          	ld	a5,-40(s0)
    700012f4:	fcc42703          	lw	a4,-52(s0)
    700012f8:	c798                	sw	a4,8(a5)
    700012fa:	fd843783          	ld	a5,-40(s0)
    700012fe:	fc842703          	lw	a4,-56(s0)
    70001302:	c7d8                	sw	a4,12(a5)
/embryos/chapter12/apps/blockpixel.c:31
    bp->buf = buffer;
    70001304:	fd843783          	ld	a5,-40(s0)
    70001308:	fc043703          	ld	a4,-64(s0)
    7000130c:	eb98                	sd	a4,16(a5)
/embryos/chapter12/apps/blockpixel.c:32
    for (int i = 0; i < width * height; i++) bp->buf[i] = BP_MAKE(0, 1);
    7000130e:	fe042623          	sw	zero,-20(s0)
    70001312:	a839                	j	70001330 <bp_init+0x7c>
/embryos/chapter12/apps/blockpixel.c:32 (discriminator 3)
    70001314:	fd843783          	ld	a5,-40(s0)
    70001318:	6b98                	ld	a4,16(a5)
    7000131a:	fec42783          	lw	a5,-20(s0)
    7000131e:	97ba                	add	a5,a5,a4
    70001320:	4721                	li	a4,8
    70001322:	00e78023          	sb	a4,0(a5)
    70001326:	fec42783          	lw	a5,-20(s0)
    7000132a:	2785                	addiw	a5,a5,1
    7000132c:	fef42623          	sw	a5,-20(s0)
/embryos/chapter12/apps/blockpixel.c:32 (discriminator 1)
    70001330:	fcc42783          	lw	a5,-52(s0)
    70001334:	873e                	mv	a4,a5
    70001336:	fc842783          	lw	a5,-56(s0)
    7000133a:	02f707bb          	mulw	a5,a4,a5
    7000133e:	2781                	sext.w	a5,a5
    70001340:	fec42703          	lw	a4,-20(s0)
    70001344:	2701                	sext.w	a4,a4
    70001346:	fcf747e3          	blt	a4,a5,70001314 <bp_init+0x60>
/embryos/chapter12/apps/blockpixel.c:33
}
    7000134a:	0001                	nop
    7000134c:	0001                	nop
    7000134e:	70e2                	ld	ra,56(sp)
    70001350:	7442                	ld	s0,48(sp)
    70001352:	6121                	addi	sp,sp,64
    70001354:	8082                	ret

0000000070001356 <bp_put>:
bp_put():
/embryos/chapter12/apps/blockpixel.c:35

void bp_put(struct bp *bp, int px, int py, uint8_t color, enum bp_mode mode) {
    70001356:	711d                	addi	sp,sp,-96
    70001358:	ec86                	sd	ra,88(sp)
    7000135a:	e8a2                	sd	s0,80(sp)
    7000135c:	e4a6                	sd	s1,72(sp)
    7000135e:	e0ca                	sd	s2,64(sp)
    70001360:	1080                	addi	s0,sp,96
    70001362:	faa43c23          	sd	a0,-72(s0)
    70001366:	87ae                	mv	a5,a1
    70001368:	faf42a23          	sw	a5,-76(s0)
    7000136c:	87b2                	mv	a5,a2
    7000136e:	faf42823          	sw	a5,-80(s0)
    70001372:	87b6                	mv	a5,a3
    70001374:	faf407a3          	sb	a5,-81(s0)
    70001378:	87ba                	mv	a5,a4
    7000137a:	faf42423          	sw	a5,-88(s0)
/embryos/chapter12/apps/blockpixel.c:36
    if (px < 0 || px >= bp->width) return;
    7000137e:	fb442783          	lw	a5,-76(s0)
    70001382:	2781                	sext.w	a5,a5
    70001384:	2007ca63          	bltz	a5,70001598 <bp_put+0x242>
/embryos/chapter12/apps/blockpixel.c:36 (discriminator 2)
    70001388:	fb843783          	ld	a5,-72(s0)
    7000138c:	479c                	lw	a5,8(a5)
    7000138e:	fb442703          	lw	a4,-76(s0)
    70001392:	2701                	sext.w	a4,a4
    70001394:	20f75263          	bge	a4,a5,70001598 <bp_put+0x242>
/embryos/chapter12/apps/blockpixel.c:37
    if (py < 0 || py >= bp->height) return;
    70001398:	fb042783          	lw	a5,-80(s0)
    7000139c:	2781                	sext.w	a5,a5
    7000139e:	1e07cf63          	bltz	a5,7000159c <bp_put+0x246>
/embryos/chapter12/apps/blockpixel.c:37 (discriminator 2)
    700013a2:	fb843783          	ld	a5,-72(s0)
    700013a6:	47dc                	lw	a5,12(a5)
    700013a8:	fb042703          	lw	a4,-80(s0)
    700013ac:	2701                	sext.w	a4,a4
    700013ae:	1ef75763          	bge	a4,a5,7000159c <bp_put+0x246>
/embryos/chapter12/apps/blockpixel.c:38
    bp->buf[idx(bp, px, py)] = BP_MAKE(color, 1);
    700013b2:	faf40783          	lb	a5,-81(s0)
    700013b6:	8b9d                	andi	a5,a5,7
    700013b8:	0187979b          	slliw	a5,a5,0x18
    700013bc:	4187d79b          	sraiw	a5,a5,0x18
    700013c0:	0087e793          	ori	a5,a5,8
    700013c4:	0187991b          	slliw	s2,a5,0x18
    700013c8:	4189591b          	sraiw	s2,s2,0x18
    700013cc:	fb843783          	ld	a5,-72(s0)
    700013d0:	6b84                	ld	s1,16(a5)
    700013d2:	fb042703          	lw	a4,-80(s0)
    700013d6:	fb442783          	lw	a5,-76(s0)
    700013da:	863a                	mv	a2,a4
    700013dc:	85be                	mv	a1,a5
    700013de:	fb843503          	ld	a0,-72(s0)
    700013e2:	00000097          	auipc	ra,0x0
    700013e6:	e0c080e7          	jalr	-500(ra) # 700011ee <idx>
    700013ea:	87aa                	mv	a5,a0
/embryos/chapter12/apps/blockpixel.c:38 (discriminator 1)
    700013ec:	97a6                	add	a5,a5,s1
    700013ee:	0ff97713          	zext.b	a4,s2
    700013f2:	00e78023          	sb	a4,0(a5)
/embryos/chapter12/apps/blockpixel.c:39
    if (mode == BP_LAZY) return;
    700013f6:	fa842783          	lw	a5,-88(s0)
    700013fa:	0007871b          	sext.w	a4,a5
    700013fe:	4785                	li	a5,1
    70001400:	1af70063          	beq	a4,a5,700015a0 <bp_put+0x24a>
/embryos/chapter12/apps/blockpixel.c:40
    int cell_x = px, cell_y = py / 2;
    70001404:	fb442783          	lw	a5,-76(s0)
    70001408:	fcf42e23          	sw	a5,-36(s0)
    7000140c:	fb042783          	lw	a5,-80(s0)
    70001410:	01f7d71b          	srliw	a4,a5,0x1f
    70001414:	9fb9                	addw	a5,a5,a4
    70001416:	4017d79b          	sraiw	a5,a5,0x1
    7000141a:	fcf42c23          	sw	a5,-40(s0)
/embryos/chapter12/apps/blockpixel.c:41
    int top_index    = (cell_y * 2) * bp->width + cell_x;
    7000141e:	fb843783          	ld	a5,-72(s0)
    70001422:	479c                	lw	a5,8(a5)
    70001424:	fd842703          	lw	a4,-40(s0)
    70001428:	02f707bb          	mulw	a5,a4,a5
    7000142c:	2781                	sext.w	a5,a5
    7000142e:	0017979b          	slliw	a5,a5,0x1
    70001432:	2781                	sext.w	a5,a5
    70001434:	fdc42703          	lw	a4,-36(s0)
    70001438:	9fb9                	addw	a5,a5,a4
    7000143a:	fcf42a23          	sw	a5,-44(s0)
/embryos/chapter12/apps/blockpixel.c:42
    int bottom_index = top_index + bp->width;
    7000143e:	fb843783          	ld	a5,-72(s0)
    70001442:	479c                	lw	a5,8(a5)
    70001444:	fd442703          	lw	a4,-44(s0)
    70001448:	9fb9                	addw	a5,a5,a4
    7000144a:	fcf42823          	sw	a5,-48(s0)
/embryos/chapter12/apps/blockpixel.c:43
    uint8_t top_color    = BP_GET_COLOR(bp->buf[top_index]);
    7000144e:	fb843783          	ld	a5,-72(s0)
    70001452:	6b98                	ld	a4,16(a5)
    70001454:	fd442783          	lw	a5,-44(s0)
    70001458:	97ba                	add	a5,a5,a4
    7000145a:	0007c783          	lbu	a5,0(a5)
    7000145e:	8b9d                	andi	a5,a5,7
    70001460:	fcf407a3          	sb	a5,-49(s0)
/embryos/chapter12/apps/blockpixel.c:44
    uint8_t bottom_color = BP_GET_COLOR(bp->buf[bottom_index]);
    70001464:	fb843783          	ld	a5,-72(s0)
    70001468:	6b98                	ld	a4,16(a5)
    7000146a:	fd042783          	lw	a5,-48(s0)
    7000146e:	97ba                	add	a5,a5,a4
    70001470:	0007c783          	lbu	a5,0(a5)
    70001474:	8b9d                	andi	a5,a5,7
    70001476:	fcf40723          	sb	a5,-50(s0)
/embryos/chapter12/apps/blockpixel.c:46
    int code, fg, bg;
    bp_render_pair(top_color, bottom_color, &code, &fg, &bg);
    7000147a:	fc040713          	addi	a4,s0,-64
    7000147e:	fc440693          	addi	a3,s0,-60
    70001482:	fc840613          	addi	a2,s0,-56
    70001486:	fce44583          	lbu	a1,-50(s0)
    7000148a:	fcf44783          	lbu	a5,-49(s0)
    7000148e:	853e                	mv	a0,a5
    70001490:	00000097          	auipc	ra,0x0
    70001494:	d9a080e7          	jalr	-614(ra) # 7000122a <bp_render_pair>
/embryos/chapter12/apps/blockpixel.c:47
    user_put(bp->x + cell_x, bp->y + cell_y,
    70001498:	fb843783          	ld	a5,-72(s0)
    7000149c:	439c                	lw	a5,0(a5)
    7000149e:	fdc42703          	lw	a4,-36(s0)
    700014a2:	9fb9                	addw	a5,a5,a4
    700014a4:	0007851b          	sext.w	a0,a5
    700014a8:	fb843783          	ld	a5,-72(s0)
    700014ac:	43dc                	lw	a5,4(a5)
    700014ae:	fd842703          	lw	a4,-40(s0)
    700014b2:	9fb9                	addw	a5,a5,a4
    700014b4:	0007859b          	sext.w	a1,a5
/embryos/chapter12/apps/blockpixel.c:48
             CELL_EXT(CELL_BLOCK, code, fg, bg));
    700014b8:	fc842783          	lw	a5,-56(s0)
    700014bc:	0107979b          	slliw	a5,a5,0x10
    700014c0:	4107d79b          	sraiw	a5,a5,0x10
    700014c4:	0ff7f793          	zext.b	a5,a5
    700014c8:	0107971b          	slliw	a4,a5,0x10
    700014cc:	4107571b          	sraiw	a4,a4,0x10
    700014d0:	fc442783          	lw	a5,-60(s0)
    700014d4:	0107979b          	slliw	a5,a5,0x10
    700014d8:	4107d79b          	sraiw	a5,a5,0x10
    700014dc:	0087979b          	slliw	a5,a5,0x8
    700014e0:	0107979b          	slliw	a5,a5,0x10
    700014e4:	4107d79b          	sraiw	a5,a5,0x10
    700014e8:	7007f793          	andi	a5,a5,1792
    700014ec:	0107979b          	slliw	a5,a5,0x10
    700014f0:	4107d79b          	sraiw	a5,a5,0x10
    700014f4:	8fd9                	or	a5,a5,a4
    700014f6:	0107971b          	slliw	a4,a5,0x10
    700014fa:	4107571b          	sraiw	a4,a4,0x10
    700014fe:	fc042783          	lw	a5,-64(s0)
    70001502:	0107979b          	slliw	a5,a5,0x10
    70001506:	4107d79b          	sraiw	a5,a5,0x10
    7000150a:	00b7979b          	slliw	a5,a5,0xb
    7000150e:	0107969b          	slliw	a3,a5,0x10
    70001512:	4106d69b          	sraiw	a3,a3,0x10
    70001516:	6791                	lui	a5,0x4
    70001518:	80078793          	addi	a5,a5,-2048 # 3800 <flat_file_off+0x2800>
    7000151c:	8ff5                	and	a5,a5,a3
    7000151e:	0107979b          	slliw	a5,a5,0x10
    70001522:	4107d79b          	sraiw	a5,a5,0x10
    70001526:	8fd9                	or	a5,a5,a4
    70001528:	0107971b          	slliw	a4,a5,0x10
    7000152c:	4107571b          	sraiw	a4,a4,0x10
    70001530:	6791                	lui	a5,0x4
    70001532:	8fd9                	or	a5,a5,a4
    70001534:	0107979b          	slliw	a5,a5,0x10
    70001538:	4107d79b          	sraiw	a5,a5,0x10
/embryos/chapter12/apps/blockpixel.c:47
    user_put(bp->x + cell_x, bp->y + cell_y,
    7000153c:	17c2                	slli	a5,a5,0x30
    7000153e:	93c1                	srli	a5,a5,0x30
    70001540:	863e                	mv	a2,a5
    70001542:	fffff097          	auipc	ra,0xfffff
    70001546:	aea080e7          	jalr	-1302(ra) # 7000002c <user_put>
/embryos/chapter12/apps/blockpixel.c:49
    BP_CLEAR_DIRTY(bp->buf[top_index]);
    7000154a:	fb843783          	ld	a5,-72(s0)
    7000154e:	6b98                	ld	a4,16(a5)
    70001550:	fd442783          	lw	a5,-44(s0)
    70001554:	97ba                	add	a5,a5,a4
    70001556:	0007c703          	lbu	a4,0(a5) # 4000 <text_file_end+0x196>
    7000155a:	fb843783          	ld	a5,-72(s0)
    7000155e:	6b94                	ld	a3,16(a5)
    70001560:	fd442783          	lw	a5,-44(s0)
    70001564:	97b6                	add	a5,a5,a3
    70001566:	9b5d                	andi	a4,a4,-9
    70001568:	0ff77713          	zext.b	a4,a4
    7000156c:	00e78023          	sb	a4,0(a5)
/embryos/chapter12/apps/blockpixel.c:50
    BP_CLEAR_DIRTY(bp->buf[bottom_index]);
    70001570:	fb843783          	ld	a5,-72(s0)
    70001574:	6b98                	ld	a4,16(a5)
    70001576:	fd042783          	lw	a5,-48(s0)
    7000157a:	97ba                	add	a5,a5,a4
    7000157c:	0007c703          	lbu	a4,0(a5)
    70001580:	fb843783          	ld	a5,-72(s0)
    70001584:	6b94                	ld	a3,16(a5)
    70001586:	fd042783          	lw	a5,-48(s0)
    7000158a:	97b6                	add	a5,a5,a3
    7000158c:	9b5d                	andi	a4,a4,-9
    7000158e:	0ff77713          	zext.b	a4,a4
    70001592:	00e78023          	sb	a4,0(a5)
    70001596:	a031                	j	700015a2 <bp_put+0x24c>
/embryos/chapter12/apps/blockpixel.c:36
    if (px < 0 || px >= bp->width) return;
    70001598:	0001                	nop
    7000159a:	a021                	j	700015a2 <bp_put+0x24c>
/embryos/chapter12/apps/blockpixel.c:37
    if (py < 0 || py >= bp->height) return;
    7000159c:	0001                	nop
    7000159e:	a011                	j	700015a2 <bp_put+0x24c>
/embryos/chapter12/apps/blockpixel.c:39
    if (mode == BP_LAZY) return;
    700015a0:	0001                	nop
/embryos/chapter12/apps/blockpixel.c:51
}
    700015a2:	60e6                	ld	ra,88(sp)
    700015a4:	6446                	ld	s0,80(sp)
    700015a6:	64a6                	ld	s1,72(sp)
    700015a8:	6906                	ld	s2,64(sp)
    700015aa:	6125                	addi	sp,sp,96
    700015ac:	8082                	ret

00000000700015ae <bp_flush>:
bp_flush():
/embryos/chapter12/apps/blockpixel.c:53

void bp_flush(struct bp *bp) {
    700015ae:	7139                	addi	sp,sp,-64
    700015b0:	fc06                	sd	ra,56(sp)
    700015b2:	f822                	sd	s0,48(sp)
    700015b4:	0080                	addi	s0,sp,64
    700015b6:	fca43423          	sd	a0,-56(s0)
/embryos/chapter12/apps/blockpixel.c:54
    for (int cell_y = 0; cell_y < bp->height/2; cell_y++)
    700015ba:	fe042623          	sw	zero,-20(s0)
    700015be:	aae9                	j	70001798 <bp_flush+0x1ea>
/embryos/chapter12/apps/blockpixel.c:55
        for (int cell_x = 0; cell_x < bp->width; cell_x++) {
    700015c0:	fe042423          	sw	zero,-24(s0)
    700015c4:	aa6d                	j	7000177e <bp_flush+0x1d0>
/embryos/chapter12/apps/blockpixel.c:56
            int top_index    = (cell_y * 2) * bp->width + cell_x;
    700015c6:	fc843783          	ld	a5,-56(s0)
    700015ca:	479c                	lw	a5,8(a5)
    700015cc:	fec42703          	lw	a4,-20(s0)
    700015d0:	02f707bb          	mulw	a5,a4,a5
    700015d4:	2781                	sext.w	a5,a5
    700015d6:	0017979b          	slliw	a5,a5,0x1
    700015da:	2781                	sext.w	a5,a5
    700015dc:	fe842703          	lw	a4,-24(s0)
    700015e0:	9fb9                	addw	a5,a5,a4
    700015e2:	fef42223          	sw	a5,-28(s0)
/embryos/chapter12/apps/blockpixel.c:57
            int bottom_index = top_index + bp->width;
    700015e6:	fc843783          	ld	a5,-56(s0)
    700015ea:	479c                	lw	a5,8(a5)
    700015ec:	fe442703          	lw	a4,-28(s0)
    700015f0:	9fb9                	addw	a5,a5,a4
    700015f2:	fef42023          	sw	a5,-32(s0)
/embryos/chapter12/apps/blockpixel.c:58
            if (!BP_IS_DIRTY(bp->buf[top_index]) &&
    700015f6:	fc843783          	ld	a5,-56(s0)
    700015fa:	6b98                	ld	a4,16(a5)
    700015fc:	fe442783          	lw	a5,-28(s0)
    70001600:	97ba                	add	a5,a5,a4
    70001602:	0007c783          	lbu	a5,0(a5)
    70001606:	2781                	sext.w	a5,a5
    70001608:	8ba1                	andi	a5,a5,8
    7000160a:	2781                	sext.w	a5,a5
    7000160c:	ef91                	bnez	a5,70001628 <bp_flush+0x7a>
/embryos/chapter12/apps/blockpixel.c:59
                !BP_IS_DIRTY(bp->buf[bottom_index])) continue;
    7000160e:	fc843783          	ld	a5,-56(s0)
    70001612:	6b98                	ld	a4,16(a5)
    70001614:	fe042783          	lw	a5,-32(s0)
    70001618:	97ba                	add	a5,a5,a4
    7000161a:	0007c783          	lbu	a5,0(a5)
    7000161e:	2781                	sext.w	a5,a5
    70001620:	8ba1                	andi	a5,a5,8
    70001622:	2781                	sext.w	a5,a5
/embryos/chapter12/apps/blockpixel.c:58 (discriminator 1)
            if (!BP_IS_DIRTY(bp->buf[top_index]) &&
    70001624:	14078763          	beqz	a5,70001772 <bp_flush+0x1c4>
/embryos/chapter12/apps/blockpixel.c:60
            uint8_t top_color    = BP_GET_COLOR(bp->buf[top_index]);
    70001628:	fc843783          	ld	a5,-56(s0)
    7000162c:	6b98                	ld	a4,16(a5)
    7000162e:	fe442783          	lw	a5,-28(s0)
    70001632:	97ba                	add	a5,a5,a4
    70001634:	0007c783          	lbu	a5,0(a5)
    70001638:	8b9d                	andi	a5,a5,7
    7000163a:	fcf40fa3          	sb	a5,-33(s0)
/embryos/chapter12/apps/blockpixel.c:61
            uint8_t bottom_color = BP_GET_COLOR(bp->buf[bottom_index]);
    7000163e:	fc843783          	ld	a5,-56(s0)
    70001642:	6b98                	ld	a4,16(a5)
    70001644:	fe042783          	lw	a5,-32(s0)
    70001648:	97ba                	add	a5,a5,a4
    7000164a:	0007c783          	lbu	a5,0(a5)
    7000164e:	8b9d                	andi	a5,a5,7
    70001650:	fcf40f23          	sb	a5,-34(s0)
/embryos/chapter12/apps/blockpixel.c:63
            int code, fg, bg;
            bp_render_pair(top_color, bottom_color, &code, &fg, &bg);
    70001654:	fd040713          	addi	a4,s0,-48
    70001658:	fd440693          	addi	a3,s0,-44
    7000165c:	fd840613          	addi	a2,s0,-40
    70001660:	fde44583          	lbu	a1,-34(s0)
    70001664:	fdf44783          	lbu	a5,-33(s0)
    70001668:	853e                	mv	a0,a5
    7000166a:	00000097          	auipc	ra,0x0
    7000166e:	bc0080e7          	jalr	-1088(ra) # 7000122a <bp_render_pair>
/embryos/chapter12/apps/blockpixel.c:64
            user_put(bp->x + cell_x, bp->y + cell_y,
    70001672:	fc843783          	ld	a5,-56(s0)
    70001676:	439c                	lw	a5,0(a5)
    70001678:	fe842703          	lw	a4,-24(s0)
    7000167c:	9fb9                	addw	a5,a5,a4
    7000167e:	0007851b          	sext.w	a0,a5
    70001682:	fc843783          	ld	a5,-56(s0)
    70001686:	43dc                	lw	a5,4(a5)
    70001688:	fec42703          	lw	a4,-20(s0)
    7000168c:	9fb9                	addw	a5,a5,a4
    7000168e:	0007859b          	sext.w	a1,a5
/embryos/chapter12/apps/blockpixel.c:65
                     CELL_EXT(CELL_BLOCK, code, fg, bg));
    70001692:	fd842783          	lw	a5,-40(s0)
    70001696:	0107979b          	slliw	a5,a5,0x10
    7000169a:	4107d79b          	sraiw	a5,a5,0x10
    7000169e:	0ff7f793          	zext.b	a5,a5
    700016a2:	0107971b          	slliw	a4,a5,0x10
    700016a6:	4107571b          	sraiw	a4,a4,0x10
    700016aa:	fd442783          	lw	a5,-44(s0)
    700016ae:	0107979b          	slliw	a5,a5,0x10
    700016b2:	4107d79b          	sraiw	a5,a5,0x10
    700016b6:	0087979b          	slliw	a5,a5,0x8
    700016ba:	0107979b          	slliw	a5,a5,0x10
    700016be:	4107d79b          	sraiw	a5,a5,0x10
    700016c2:	7007f793          	andi	a5,a5,1792
    700016c6:	0107979b          	slliw	a5,a5,0x10
    700016ca:	4107d79b          	sraiw	a5,a5,0x10
    700016ce:	8fd9                	or	a5,a5,a4
    700016d0:	0107971b          	slliw	a4,a5,0x10
    700016d4:	4107571b          	sraiw	a4,a4,0x10
    700016d8:	fd042783          	lw	a5,-48(s0)
    700016dc:	0107979b          	slliw	a5,a5,0x10
    700016e0:	4107d79b          	sraiw	a5,a5,0x10
    700016e4:	00b7979b          	slliw	a5,a5,0xb
    700016e8:	0107969b          	slliw	a3,a5,0x10
    700016ec:	4106d69b          	sraiw	a3,a3,0x10
    700016f0:	6791                	lui	a5,0x4
    700016f2:	80078793          	addi	a5,a5,-2048 # 3800 <flat_file_off+0x2800>
    700016f6:	8ff5                	and	a5,a5,a3
    700016f8:	0107979b          	slliw	a5,a5,0x10
    700016fc:	4107d79b          	sraiw	a5,a5,0x10
    70001700:	8fd9                	or	a5,a5,a4
    70001702:	0107971b          	slliw	a4,a5,0x10
    70001706:	4107571b          	sraiw	a4,a4,0x10
    7000170a:	6791                	lui	a5,0x4
    7000170c:	8fd9                	or	a5,a5,a4
    7000170e:	0107979b          	slliw	a5,a5,0x10
    70001712:	4107d79b          	sraiw	a5,a5,0x10
/embryos/chapter12/apps/blockpixel.c:64
            user_put(bp->x + cell_x, bp->y + cell_y,
    70001716:	17c2                	slli	a5,a5,0x30
    70001718:	93c1                	srli	a5,a5,0x30
    7000171a:	863e                	mv	a2,a5
    7000171c:	fffff097          	auipc	ra,0xfffff
    70001720:	910080e7          	jalr	-1776(ra) # 7000002c <user_put>
/embryos/chapter12/apps/blockpixel.c:66
            BP_CLEAR_DIRTY(bp->buf[top_index]);
    70001724:	fc843783          	ld	a5,-56(s0)
    70001728:	6b98                	ld	a4,16(a5)
    7000172a:	fe442783          	lw	a5,-28(s0)
    7000172e:	97ba                	add	a5,a5,a4
    70001730:	0007c703          	lbu	a4,0(a5) # 4000 <text_file_end+0x196>
    70001734:	fc843783          	ld	a5,-56(s0)
    70001738:	6b94                	ld	a3,16(a5)
    7000173a:	fe442783          	lw	a5,-28(s0)
    7000173e:	97b6                	add	a5,a5,a3
    70001740:	9b5d                	andi	a4,a4,-9
    70001742:	0ff77713          	zext.b	a4,a4
    70001746:	00e78023          	sb	a4,0(a5)
/embryos/chapter12/apps/blockpixel.c:67
            BP_CLEAR_DIRTY(bp->buf[bottom_index]);
    7000174a:	fc843783          	ld	a5,-56(s0)
    7000174e:	6b98                	ld	a4,16(a5)
    70001750:	fe042783          	lw	a5,-32(s0)
    70001754:	97ba                	add	a5,a5,a4
    70001756:	0007c703          	lbu	a4,0(a5)
    7000175a:	fc843783          	ld	a5,-56(s0)
    7000175e:	6b94                	ld	a3,16(a5)
    70001760:	fe042783          	lw	a5,-32(s0)
    70001764:	97b6                	add	a5,a5,a3
    70001766:	9b5d                	andi	a4,a4,-9
    70001768:	0ff77713          	zext.b	a4,a4
    7000176c:	00e78023          	sb	a4,0(a5)
    70001770:	a011                	j	70001774 <bp_flush+0x1c6>
/embryos/chapter12/apps/blockpixel.c:59
                !BP_IS_DIRTY(bp->buf[bottom_index])) continue;
    70001772:	0001                	nop
/embryos/chapter12/apps/blockpixel.c:55 (discriminator 2)
        for (int cell_x = 0; cell_x < bp->width; cell_x++) {
    70001774:	fe842783          	lw	a5,-24(s0)
    70001778:	2785                	addiw	a5,a5,1
    7000177a:	fef42423          	sw	a5,-24(s0)
/embryos/chapter12/apps/blockpixel.c:55 (discriminator 1)
    7000177e:	fc843783          	ld	a5,-56(s0)
    70001782:	479c                	lw	a5,8(a5)
    70001784:	fe842703          	lw	a4,-24(s0)
    70001788:	2701                	sext.w	a4,a4
    7000178a:	e2f74ee3          	blt	a4,a5,700015c6 <bp_flush+0x18>
/embryos/chapter12/apps/blockpixel.c:54 (discriminator 2)
    for (int cell_y = 0; cell_y < bp->height/2; cell_y++)
    7000178e:	fec42783          	lw	a5,-20(s0)
    70001792:	2785                	addiw	a5,a5,1
    70001794:	fef42623          	sw	a5,-20(s0)
/embryos/chapter12/apps/blockpixel.c:54 (discriminator 1)
    70001798:	fc843783          	ld	a5,-56(s0)
    7000179c:	47dc                	lw	a5,12(a5)
    7000179e:	01f7d71b          	srliw	a4,a5,0x1f
    700017a2:	9fb9                	addw	a5,a5,a4
    700017a4:	4017d79b          	sraiw	a5,a5,0x1
    700017a8:	2781                	sext.w	a5,a5
    700017aa:	fec42703          	lw	a4,-20(s0)
    700017ae:	2701                	sext.w	a4,a4
    700017b0:	e0f748e3          	blt	a4,a5,700015c0 <bp_flush+0x12>
/embryos/chapter12/apps/blockpixel.c:69
        }
}
    700017b4:	0001                	nop
    700017b6:	0001                	nop
    700017b8:	70e2                	ld	ra,56(sp)
    700017ba:	7442                	ld	s0,48(sp)
    700017bc:	6121                	addi	sp,sp,64
    700017be:	8082                	ret

00000000700017c0 <window_init>:
window_init():
/embryos/chapter12/apps/window1.c:4
#include "syslib.h"
#include "window.h"

void window_init(struct window *window) {
    700017c0:	7179                	addi	sp,sp,-48
    700017c2:	f406                	sd	ra,40(sp)
    700017c4:	f022                	sd	s0,32(sp)
    700017c6:	1800                	addi	s0,sp,48
    700017c8:	fca43c23          	sd	a0,-40(s0)
/embryos/chapter12/apps/window1.c:5
    window->cur_col = 0; window->cur_fg = 0; window->cur_bg = 7;
    700017cc:	fd843783          	ld	a5,-40(s0)
    700017d0:	3407ae23          	sw	zero,860(a5)
    700017d4:	fd843783          	ld	a5,-40(s0)
    700017d8:	3607a023          	sw	zero,864(a5)
    700017dc:	fd843783          	ld	a5,-40(s0)
    700017e0:	471d                	li	a4,7
    700017e2:	36e7a223          	sw	a4,868(a5)
/embryos/chapter12/apps/window1.c:6
    for (int row = 0; row < NROWS; row++)
    700017e6:	fe042623          	sw	zero,-20(s0)
    700017ea:	a889                	j	7000183c <window_init+0x7c>
/embryos/chapter12/apps/window1.c:7
        for (int col = 0; col < NCOLS; col++)
    700017ec:	fe042423          	sw	zero,-24(s0)
    700017f0:	a80d                	j	70001822 <window_init+0x62>
/embryos/chapter12/apps/window1.c:8
            window->cells[row][col] = CELL(' ', ANSI_BLACK, ANSI_WHITE);
    700017f2:	fd843683          	ld	a3,-40(s0)
    700017f6:	fe842603          	lw	a2,-24(s0)
    700017fa:	fec42703          	lw	a4,-20(s0)
    700017fe:	87ba                	mv	a5,a4
    70001800:	078a                	slli	a5,a5,0x2
    70001802:	97ba                	add	a5,a5,a4
    70001804:	078e                	slli	a5,a5,0x3
    70001806:	8f99                	sub	a5,a5,a4
    70001808:	97b2                	add	a5,a5,a2
    7000180a:	0786                	slli	a5,a5,0x1
    7000180c:	97b6                	add	a5,a5,a3
    7000180e:	6711                	lui	a4,0x4
    70001810:	82070713          	addi	a4,a4,-2016 # 3820 <flat_file_off+0x2820>
    70001814:	00e79023          	sh	a4,0(a5)
/embryos/chapter12/apps/window1.c:7 (discriminator 3)
        for (int col = 0; col < NCOLS; col++)
    70001818:	fe842783          	lw	a5,-24(s0)
    7000181c:	2785                	addiw	a5,a5,1
    7000181e:	fef42423          	sw	a5,-24(s0)
/embryos/chapter12/apps/window1.c:7 (discriminator 1)
    70001822:	fe842783          	lw	a5,-24(s0)
    70001826:	0007871b          	sext.w	a4,a5
    7000182a:	02600793          	li	a5,38
    7000182e:	fce7d2e3          	bge	a5,a4,700017f2 <window_init+0x32>
/embryos/chapter12/apps/window1.c:6 (discriminator 2)
    for (int row = 0; row < NROWS; row++)
    70001832:	fec42783          	lw	a5,-20(s0)
    70001836:	2785                	addiw	a5,a5,1
    70001838:	fef42623          	sw	a5,-20(s0)
/embryos/chapter12/apps/window1.c:6 (discriminator 1)
    7000183c:	fec42783          	lw	a5,-20(s0)
    70001840:	0007871b          	sext.w	a4,a5
    70001844:	47a9                	li	a5,10
    70001846:	fae7d3e3          	bge	a5,a4,700017ec <window_init+0x2c>
/embryos/chapter12/apps/window1.c:9
}
    7000184a:	0001                	nop
    7000184c:	0001                	nop
    7000184e:	70a2                	ld	ra,40(sp)
    70001850:	7402                	ld	s0,32(sp)
    70001852:	6145                	addi	sp,sp,48
    70001854:	8082                	ret

0000000070001856 <window_sync>:
window_sync():
/embryos/chapter12/apps/window1.c:11

void window_sync(struct window *window) {
    70001856:	7179                	addi	sp,sp,-48
    70001858:	f406                	sd	ra,40(sp)
    7000185a:	f022                	sd	s0,32(sp)
    7000185c:	1800                	addi	s0,sp,48
    7000185e:	fca43c23          	sd	a0,-40(s0)
/embryos/chapter12/apps/window1.c:12
    for (int row = 0; row < NROWS; row++)
    70001862:	fe042623          	sw	zero,-20(s0)
    70001866:	a08d                	j	700018c8 <window_sync+0x72>
/embryos/chapter12/apps/window1.c:13
        for (int col = 0; col < NCOLS; col++)
    70001868:	fe042423          	sw	zero,-24(s0)
    7000186c:	a089                	j	700018ae <window_sync+0x58>
/embryos/chapter12/apps/window1.c:14
            user_put(col, row, window->cells[row][col]);
    7000186e:	fd843683          	ld	a3,-40(s0)
    70001872:	fe842603          	lw	a2,-24(s0)
    70001876:	fec42703          	lw	a4,-20(s0)
    7000187a:	87ba                	mv	a5,a4
    7000187c:	078a                	slli	a5,a5,0x2
    7000187e:	97ba                	add	a5,a5,a4
    70001880:	078e                	slli	a5,a5,0x3
    70001882:	8f99                	sub	a5,a5,a4
    70001884:	97b2                	add	a5,a5,a2
    70001886:	0786                	slli	a5,a5,0x1
    70001888:	97b6                	add	a5,a5,a3
    7000188a:	0007d683          	lhu	a3,0(a5)
    7000188e:	fec42703          	lw	a4,-20(s0)
    70001892:	fe842783          	lw	a5,-24(s0)
    70001896:	8636                	mv	a2,a3
    70001898:	85ba                	mv	a1,a4
    7000189a:	853e                	mv	a0,a5
    7000189c:	ffffe097          	auipc	ra,0xffffe
    700018a0:	790080e7          	jalr	1936(ra) # 7000002c <user_put>
/embryos/chapter12/apps/window1.c:13 (discriminator 3)
        for (int col = 0; col < NCOLS; col++)
    700018a4:	fe842783          	lw	a5,-24(s0)
    700018a8:	2785                	addiw	a5,a5,1
    700018aa:	fef42423          	sw	a5,-24(s0)
/embryos/chapter12/apps/window1.c:13 (discriminator 1)
    700018ae:	fe842783          	lw	a5,-24(s0)
    700018b2:	0007871b          	sext.w	a4,a5
    700018b6:	02600793          	li	a5,38
    700018ba:	fae7dae3          	bge	a5,a4,7000186e <window_sync+0x18>
/embryos/chapter12/apps/window1.c:12 (discriminator 2)
    for (int row = 0; row < NROWS; row++)
    700018be:	fec42783          	lw	a5,-20(s0)
    700018c2:	2785                	addiw	a5,a5,1
    700018c4:	fef42623          	sw	a5,-20(s0)
/embryos/chapter12/apps/window1.c:12 (discriminator 1)
    700018c8:	fec42783          	lw	a5,-20(s0)
    700018cc:	0007871b          	sext.w	a4,a5
    700018d0:	47a9                	li	a5,10
    700018d2:	f8e7dbe3          	bge	a5,a4,70001868 <window_sync+0x12>
/embryos/chapter12/apps/window1.c:15
}
    700018d6:	0001                	nop
    700018d8:	0001                	nop
    700018da:	70a2                	ld	ra,40(sp)
    700018dc:	7402                	ld	s0,32(sp)
    700018de:	6145                	addi	sp,sp,48
    700018e0:	8082                	ret

00000000700018e2 <window_scroll>:
window_scroll():
/embryos/chapter12/apps/window1.c:17

void window_scroll(struct window *window) {
    700018e2:	7179                	addi	sp,sp,-48
    700018e4:	f406                	sd	ra,40(sp)
    700018e6:	f022                	sd	s0,32(sp)
    700018e8:	1800                	addi	s0,sp,48
    700018ea:	fca43c23          	sd	a0,-40(s0)
/embryos/chapter12/apps/window1.c:18
    for (int row = 0; row < NROWS - 1; row++)
    700018ee:	fe042623          	sw	zero,-20(s0)
    700018f2:	a88d                	j	70001964 <window_scroll+0x82>
/embryos/chapter12/apps/window1.c:19
        for (int col = 0; col < NCOLS; col++)
    700018f4:	fe042423          	sw	zero,-24(s0)
    700018f8:	a889                	j	7000194a <window_scroll+0x68>
/embryos/chapter12/apps/window1.c:20
            window->cells[row][col] = window->cells[row + 1][col];
    700018fa:	fec42783          	lw	a5,-20(s0)
    700018fe:	2785                	addiw	a5,a5,1
    70001900:	0007871b          	sext.w	a4,a5
    70001904:	fd843683          	ld	a3,-40(s0)
    70001908:	fe842603          	lw	a2,-24(s0)
    7000190c:	87ba                	mv	a5,a4
    7000190e:	078a                	slli	a5,a5,0x2
    70001910:	97ba                	add	a5,a5,a4
    70001912:	078e                	slli	a5,a5,0x3
    70001914:	8f99                	sub	a5,a5,a4
    70001916:	97b2                	add	a5,a5,a2
    70001918:	0786                	slli	a5,a5,0x1
    7000191a:	97b6                	add	a5,a5,a3
    7000191c:	0007d683          	lhu	a3,0(a5)
    70001920:	fd843603          	ld	a2,-40(s0)
    70001924:	fe842583          	lw	a1,-24(s0)
    70001928:	fec42703          	lw	a4,-20(s0)
    7000192c:	87ba                	mv	a5,a4
    7000192e:	078a                	slli	a5,a5,0x2
    70001930:	97ba                	add	a5,a5,a4
    70001932:	078e                	slli	a5,a5,0x3
    70001934:	8f99                	sub	a5,a5,a4
    70001936:	97ae                	add	a5,a5,a1
    70001938:	0786                	slli	a5,a5,0x1
    7000193a:	97b2                	add	a5,a5,a2
    7000193c:	00d79023          	sh	a3,0(a5)
/embryos/chapter12/apps/window1.c:19 (discriminator 3)
        for (int col = 0; col < NCOLS; col++)
    70001940:	fe842783          	lw	a5,-24(s0)
    70001944:	2785                	addiw	a5,a5,1
    70001946:	fef42423          	sw	a5,-24(s0)
/embryos/chapter12/apps/window1.c:19 (discriminator 1)
    7000194a:	fe842783          	lw	a5,-24(s0)
    7000194e:	0007871b          	sext.w	a4,a5
    70001952:	02600793          	li	a5,38
    70001956:	fae7d2e3          	bge	a5,a4,700018fa <window_scroll+0x18>
/embryos/chapter12/apps/window1.c:18 (discriminator 2)
    for (int row = 0; row < NROWS - 1; row++)
    7000195a:	fec42783          	lw	a5,-20(s0)
    7000195e:	2785                	addiw	a5,a5,1
    70001960:	fef42623          	sw	a5,-20(s0)
/embryos/chapter12/apps/window1.c:18 (discriminator 1)
    70001964:	fec42783          	lw	a5,-20(s0)
    70001968:	0007871b          	sext.w	a4,a5
    7000196c:	47a5                	li	a5,9
    7000196e:	f8e7d3e3          	bge	a5,a4,700018f4 <window_scroll+0x12>
/embryos/chapter12/apps/window1.c:21
    for (int col = 0; col < NCOLS; col++)
    70001972:	fe042223          	sw	zero,-28(s0)
    70001976:	a01d                	j	7000199c <window_scroll+0xba>
/embryos/chapter12/apps/window1.c:22
        window->cells[NROWS - 1][col] = CELL(' ', ANSI_BLACK, ANSI_WHITE);
    70001978:	fd843703          	ld	a4,-40(s0)
    7000197c:	fe442783          	lw	a5,-28(s0)
    70001980:	18678793          	addi	a5,a5,390
    70001984:	0786                	slli	a5,a5,0x1
    70001986:	97ba                	add	a5,a5,a4
    70001988:	6711                	lui	a4,0x4
    7000198a:	82070713          	addi	a4,a4,-2016 # 3820 <flat_file_off+0x2820>
    7000198e:	00e79023          	sh	a4,0(a5)
/embryos/chapter12/apps/window1.c:21 (discriminator 3)
    for (int col = 0; col < NCOLS; col++)
    70001992:	fe442783          	lw	a5,-28(s0)
    70001996:	2785                	addiw	a5,a5,1
    70001998:	fef42223          	sw	a5,-28(s0)
/embryos/chapter12/apps/window1.c:21 (discriminator 1)
    7000199c:	fe442783          	lw	a5,-28(s0)
    700019a0:	0007871b          	sext.w	a4,a5
    700019a4:	02600793          	li	a5,38
    700019a8:	fce7d8e3          	bge	a5,a4,70001978 <window_scroll+0x96>
/embryos/chapter12/apps/window1.c:23
    window_sync(window);
    700019ac:	fd843503          	ld	a0,-40(s0)
    700019b0:	00000097          	auipc	ra,0x0
    700019b4:	ea6080e7          	jalr	-346(ra) # 70001856 <window_sync>
/embryos/chapter12/apps/window1.c:24
}
    700019b8:	0001                	nop
    700019ba:	70a2                	ld	ra,40(sp)
    700019bc:	7402                	ld	s0,32(sp)
    700019be:	6145                	addi	sp,sp,48
    700019c0:	8082                	ret

00000000700019c2 <window_putchar>:
window_putchar():
/embryos/chapter12/apps/window1.c:26

void window_putchar(struct window *window, char c) {
    700019c2:	1101                	addi	sp,sp,-32
    700019c4:	ec06                	sd	ra,24(sp)
    700019c6:	e822                	sd	s0,16(sp)
    700019c8:	1000                	addi	s0,sp,32
    700019ca:	fea43423          	sd	a0,-24(s0)
    700019ce:	87ae                	mv	a5,a1
    700019d0:	fef403a3          	sb	a5,-25(s0)
/embryos/chapter12/apps/window1.c:27
    if (c == '\b') {
    700019d4:	fe744783          	lbu	a5,-25(s0)
    700019d8:	0ff7f713          	zext.b	a4,a5
    700019dc:	47a1                	li	a5,8
    700019de:	02f71463          	bne	a4,a5,70001a06 <window_putchar+0x44>
/embryos/chapter12/apps/window1.c:28
        if (window->cur_col > 0) window->cur_col--;
    700019e2:	fe843783          	ld	a5,-24(s0)
    700019e6:	35c7a783          	lw	a5,860(a5)
    700019ea:	18f05c63          	blez	a5,70001b82 <window_putchar+0x1c0>
/embryos/chapter12/apps/window1.c:28 (discriminator 1)
    700019ee:	fe843783          	ld	a5,-24(s0)
    700019f2:	35c7a783          	lw	a5,860(a5)
    700019f6:	37fd                	addiw	a5,a5,-1
    700019f8:	0007871b          	sext.w	a4,a5
    700019fc:	fe843783          	ld	a5,-24(s0)
    70001a00:	34e7ae23          	sw	a4,860(a5)
/embryos/chapter12/apps/window1.c:29
        return;
    70001a04:	aabd                	j	70001b82 <window_putchar+0x1c0>
/embryos/chapter12/apps/window1.c:31
    }
    if (c == '\n') {
    70001a06:	fe744783          	lbu	a5,-25(s0)
    70001a0a:	0ff7f713          	zext.b	a4,a5
    70001a0e:	47a9                	li	a5,10
    70001a10:	00f71d63          	bne	a4,a5,70001a2a <window_putchar+0x68>
/embryos/chapter12/apps/window1.c:32
        window_scroll(window);
    70001a14:	fe843503          	ld	a0,-24(s0)
    70001a18:	00000097          	auipc	ra,0x0
    70001a1c:	eca080e7          	jalr	-310(ra) # 700018e2 <window_scroll>
/embryos/chapter12/apps/window1.c:33
        window->cur_col = 0;
    70001a20:	fe843783          	ld	a5,-24(s0)
    70001a24:	3407ae23          	sw	zero,860(a5)
    70001a28:	aab1                	j	70001b84 <window_putchar+0x1c2>
/embryos/chapter12/apps/window1.c:36
    }
    else {
        user_put(window->cur_col, NROWS - 1,
    70001a2a:	fe843783          	ld	a5,-24(s0)
    70001a2e:	35c7a503          	lw	a0,860(a5)
/embryos/chapter12/apps/window1.c:37
                    CELL(c, window->cur_fg, window->cur_bg));
    70001a32:	fe744783          	lbu	a5,-25(s0)
    70001a36:	0107971b          	slliw	a4,a5,0x10
    70001a3a:	4107571b          	sraiw	a4,a4,0x10
    70001a3e:	fe843783          	ld	a5,-24(s0)
    70001a42:	3607a783          	lw	a5,864(a5)
    70001a46:	0107979b          	slliw	a5,a5,0x10
    70001a4a:	4107d79b          	sraiw	a5,a5,0x10
    70001a4e:	0087979b          	slliw	a5,a5,0x8
    70001a52:	0107979b          	slliw	a5,a5,0x10
    70001a56:	4107d79b          	sraiw	a5,a5,0x10
    70001a5a:	7007f793          	andi	a5,a5,1792
    70001a5e:	0107979b          	slliw	a5,a5,0x10
    70001a62:	4107d79b          	sraiw	a5,a5,0x10
    70001a66:	8fd9                	or	a5,a5,a4
    70001a68:	0107971b          	slliw	a4,a5,0x10
    70001a6c:	4107571b          	sraiw	a4,a4,0x10
    70001a70:	fe843783          	ld	a5,-24(s0)
    70001a74:	3647a783          	lw	a5,868(a5)
    70001a78:	0107979b          	slliw	a5,a5,0x10
    70001a7c:	4107d79b          	sraiw	a5,a5,0x10
    70001a80:	00b7979b          	slliw	a5,a5,0xb
    70001a84:	0107969b          	slliw	a3,a5,0x10
    70001a88:	4106d69b          	sraiw	a3,a3,0x10
    70001a8c:	6791                	lui	a5,0x4
    70001a8e:	80078793          	addi	a5,a5,-2048 # 3800 <flat_file_off+0x2800>
    70001a92:	8ff5                	and	a5,a5,a3
    70001a94:	0107979b          	slliw	a5,a5,0x10
    70001a98:	4107d79b          	sraiw	a5,a5,0x10
    70001a9c:	8fd9                	or	a5,a5,a4
    70001a9e:	0107979b          	slliw	a5,a5,0x10
    70001aa2:	4107d79b          	sraiw	a5,a5,0x10
/embryos/chapter12/apps/window1.c:36
        user_put(window->cur_col, NROWS - 1,
    70001aa6:	17c2                	slli	a5,a5,0x30
    70001aa8:	93c1                	srli	a5,a5,0x30
    70001aaa:	863e                	mv	a2,a5
    70001aac:	45a9                	li	a1,10
    70001aae:	ffffe097          	auipc	ra,0xffffe
    70001ab2:	57e080e7          	jalr	1406(ra) # 7000002c <user_put>
/embryos/chapter12/apps/window1.c:39
        window->cells[NROWS - 1][window->cur_col] =
                    CELL(c, window->cur_fg, window->cur_bg);
    70001ab6:	fe744783          	lbu	a5,-25(s0)
    70001aba:	0107971b          	slliw	a4,a5,0x10
    70001abe:	4107571b          	sraiw	a4,a4,0x10
    70001ac2:	fe843783          	ld	a5,-24(s0)
    70001ac6:	3607a783          	lw	a5,864(a5)
    70001aca:	0107979b          	slliw	a5,a5,0x10
    70001ace:	4107d79b          	sraiw	a5,a5,0x10
    70001ad2:	0087979b          	slliw	a5,a5,0x8
    70001ad6:	0107979b          	slliw	a5,a5,0x10
    70001ada:	4107d79b          	sraiw	a5,a5,0x10
    70001ade:	7007f793          	andi	a5,a5,1792
    70001ae2:	0107979b          	slliw	a5,a5,0x10
    70001ae6:	4107d79b          	sraiw	a5,a5,0x10
    70001aea:	8fd9                	or	a5,a5,a4
    70001aec:	0107971b          	slliw	a4,a5,0x10
    70001af0:	4107571b          	sraiw	a4,a4,0x10
    70001af4:	fe843783          	ld	a5,-24(s0)
    70001af8:	3647a783          	lw	a5,868(a5)
    70001afc:	0107979b          	slliw	a5,a5,0x10
    70001b00:	4107d79b          	sraiw	a5,a5,0x10
    70001b04:	00b7979b          	slliw	a5,a5,0xb
    70001b08:	0107969b          	slliw	a3,a5,0x10
    70001b0c:	4106d69b          	sraiw	a3,a3,0x10
    70001b10:	6791                	lui	a5,0x4
    70001b12:	80078793          	addi	a5,a5,-2048 # 3800 <flat_file_off+0x2800>
    70001b16:	8ff5                	and	a5,a5,a3
    70001b18:	0107979b          	slliw	a5,a5,0x10
    70001b1c:	4107d79b          	sraiw	a5,a5,0x10
    70001b20:	8fd9                	or	a5,a5,a4
    70001b22:	0107971b          	slliw	a4,a5,0x10
    70001b26:	4107571b          	sraiw	a4,a4,0x10
/embryos/chapter12/apps/window1.c:38
        window->cells[NROWS - 1][window->cur_col] =
    70001b2a:	fe843783          	ld	a5,-24(s0)
    70001b2e:	35c7a783          	lw	a5,860(a5)
/embryos/chapter12/apps/window1.c:39
                    CELL(c, window->cur_fg, window->cur_bg);
    70001b32:	1742                	slli	a4,a4,0x30
    70001b34:	9341                	srli	a4,a4,0x30
/embryos/chapter12/apps/window1.c:38
        window->cells[NROWS - 1][window->cur_col] =
    70001b36:	fe843683          	ld	a3,-24(s0)
    70001b3a:	18678793          	addi	a5,a5,390
    70001b3e:	0786                	slli	a5,a5,0x1
    70001b40:	97b6                	add	a5,a5,a3
    70001b42:	00e79023          	sh	a4,0(a5)
/embryos/chapter12/apps/window1.c:40
        if (++window->cur_col == NCOLS) {
    70001b46:	fe843783          	ld	a5,-24(s0)
    70001b4a:	35c7a783          	lw	a5,860(a5)
    70001b4e:	2785                	addiw	a5,a5,1
    70001b50:	0007871b          	sext.w	a4,a5
    70001b54:	fe843783          	ld	a5,-24(s0)
    70001b58:	34e7ae23          	sw	a4,860(a5)
    70001b5c:	fe843783          	ld	a5,-24(s0)
    70001b60:	35c7a703          	lw	a4,860(a5)
    70001b64:	02700793          	li	a5,39
    70001b68:	00f71e63          	bne	a4,a5,70001b84 <window_putchar+0x1c2>
/embryos/chapter12/apps/window1.c:41
            window_scroll(window);
    70001b6c:	fe843503          	ld	a0,-24(s0)
    70001b70:	00000097          	auipc	ra,0x0
    70001b74:	d72080e7          	jalr	-654(ra) # 700018e2 <window_scroll>
/embryos/chapter12/apps/window1.c:42
            window->cur_col = 0;
    70001b78:	fe843783          	ld	a5,-24(s0)
    70001b7c:	3407ae23          	sw	zero,860(a5)
    70001b80:	a011                	j	70001b84 <window_putchar+0x1c2>
/embryos/chapter12/apps/window1.c:29
        return;
    70001b82:	0001                	nop
/embryos/chapter12/apps/window1.c:45
        }
    }
}
    70001b84:	60e2                	ld	ra,24(sp)
    70001b86:	6442                	ld	s0,16(sp)
    70001b88:	6105                	addi	sp,sp,32
    70001b8a:	8082                	ret

0000000070001b8c <window_readline>:
window_readline():
/embryos/chapter12/apps/window2.c:4
#include "syslib.h"
#include "window.h"

int window_readline(struct window *window, char *line, int size) {
    70001b8c:	7139                	addi	sp,sp,-64
    70001b8e:	fc06                	sd	ra,56(sp)
    70001b90:	f822                	sd	s0,48(sp)
    70001b92:	0080                	addi	s0,sp,64
    70001b94:	fca43c23          	sd	a0,-40(s0)
    70001b98:	fcb43823          	sd	a1,-48(s0)
    70001b9c:	87b2                	mv	a5,a2
    70001b9e:	fcf42623          	sw	a5,-52(s0)
/embryos/chapter12/apps/window2.c:5
    int n = 0;
    70001ba2:	fe042623          	sw	zero,-20(s0)
/embryos/chapter12/apps/window2.c:7
    for (;;) {
        user_put(window->cur_col, NROWS - 1, CELL(' ',  ANSI_WHITE,  ANSI_CYAN));
    70001ba6:	fd843783          	ld	a5,-40(s0)
    70001baa:	35c7a703          	lw	a4,860(a5)
    70001bae:	678d                	lui	a5,0x3
    70001bb0:	72078613          	addi	a2,a5,1824 # 3720 <flat_file_off+0x2720>
    70001bb4:	45a9                	li	a1,10
    70001bb6:	853a                	mv	a0,a4
    70001bb8:	ffffe097          	auipc	ra,0xffffe
    70001bbc:	474080e7          	jalr	1140(ra) # 7000002c <user_put>
/embryos/chapter12/apps/window2.c:10
        int c;
        for (;;) {
            c = user_get(1);
    70001bc0:	4505                	li	a0,1
    70001bc2:	ffffe097          	auipc	ra,0xffffe
    70001bc6:	472080e7          	jalr	1138(ra) # 70000034 <user_get>
    70001bca:	87aa                	mv	a5,a0
    70001bcc:	fef42423          	sw	a5,-24(s0)
/embryos/chapter12/apps/window2.c:11
            if (c == USER_GET_GOT_FOCUS)
    70001bd0:	fe842783          	lw	a5,-24(s0)
    70001bd4:	0007871b          	sext.w	a4,a5
    70001bd8:	57fd                	li	a5,-1
    70001bda:	02f71063          	bne	a4,a5,70001bfa <window_readline+0x6e>
/embryos/chapter12/apps/window2.c:12
                user_put(window->cur_col, NROWS - 1, CELL(' ',  ANSI_WHITE,  ANSI_CYAN));
    70001bde:	fd843783          	ld	a5,-40(s0)
    70001be2:	35c7a703          	lw	a4,860(a5)
    70001be6:	678d                	lui	a5,0x3
    70001be8:	72078613          	addi	a2,a5,1824 # 3720 <flat_file_off+0x2720>
    70001bec:	45a9                	li	a1,10
    70001bee:	853a                	mv	a0,a4
    70001bf0:	ffffe097          	auipc	ra,0xffffe
    70001bf4:	43c080e7          	jalr	1084(ra) # 7000002c <user_put>
    70001bf8:	b7e1                	j	70001bc0 <window_readline+0x34>
/embryos/chapter12/apps/window2.c:13
            else if (c == USER_GET_LOST_FOCUS)
    70001bfa:	fe842783          	lw	a5,-24(s0)
    70001bfe:	0007871b          	sext.w	a4,a5
    70001c02:	57f9                	li	a5,-2
    70001c04:	02f71063          	bne	a4,a5,70001c24 <window_readline+0x98>
/embryos/chapter12/apps/window2.c:14
                user_put(window->cur_col, NROWS - 1, CELL(' ',  ANSI_WHITE,  ANSI_MAGENTA));
    70001c08:	fd843783          	ld	a5,-40(s0)
    70001c0c:	35c7a703          	lw	a4,860(a5)
    70001c10:	678d                	lui	a5,0x3
    70001c12:	f2078613          	addi	a2,a5,-224 # 2f20 <flat_file_off+0x1f20>
    70001c16:	45a9                	li	a1,10
    70001c18:	853a                	mv	a0,a4
    70001c1a:	ffffe097          	auipc	ra,0xffffe
    70001c1e:	412080e7          	jalr	1042(ra) # 7000002c <user_put>
/embryos/chapter12/apps/window2.c:10
            c = user_get(1);
    70001c22:	bf79                	j	70001bc0 <window_readline+0x34>
/embryos/chapter12/apps/window2.c:15
            else break;
    70001c24:	0001                	nop
/embryos/chapter12/apps/window2.c:17
        }
        if (c == 4) {   // <ctrl>D is EOF
    70001c26:	fe842783          	lw	a5,-24(s0)
    70001c2a:	0007871b          	sext.w	a4,a5
    70001c2e:	4791                	li	a5,4
    70001c30:	04f71263          	bne	a4,a5,70001c74 <window_readline+0xe8>
/embryos/chapter12/apps/window2.c:18
            line[(n < size - 1) ? n : (size - 1)] = 0;
    70001c34:	fcc42783          	lw	a5,-52(s0)
    70001c38:	37fd                	addiw	a5,a5,-1
    70001c3a:	2781                	sext.w	a5,a5
    70001c3c:	863e                	mv	a2,a5
    70001c3e:	fec42783          	lw	a5,-20(s0)
    70001c42:	86be                	mv	a3,a5
    70001c44:	0006871b          	sext.w	a4,a3
    70001c48:	0006079b          	sext.w	a5,a2
    70001c4c:	00e7d363          	bge	a5,a4,70001c52 <window_readline+0xc6>
    70001c50:	86b2                	mv	a3,a2
    70001c52:	0006879b          	sext.w	a5,a3
    70001c56:	873e                	mv	a4,a5
    70001c58:	fd043783          	ld	a5,-48(s0)
    70001c5c:	97ba                	add	a5,a5,a4
    70001c5e:	00078023          	sb	zero,0(a5)
/embryos/chapter12/apps/window2.c:19
            return n > 0;
    70001c62:	fec42783          	lw	a5,-20(s0)
    70001c66:	2781                	sext.w	a5,a5
    70001c68:	00f027b3          	sgtz	a5,a5
    70001c6c:	0ff7f793          	zext.b	a5,a5
    70001c70:	2781                	sext.w	a5,a5
    70001c72:	a45d                	j	70001f18 <window_readline+0x38c>
/embryos/chapter12/apps/window2.c:21
        }
        if (c == '\b' || c == '\177') {
    70001c74:	fe842783          	lw	a5,-24(s0)
    70001c78:	0007871b          	sext.w	a4,a5
    70001c7c:	47a1                	li	a5,8
    70001c7e:	00f70a63          	beq	a4,a5,70001c92 <window_readline+0x106>
/embryos/chapter12/apps/window2.c:21 (discriminator 1)
    70001c82:	fe842783          	lw	a5,-24(s0)
    70001c86:	0007871b          	sext.w	a4,a5
    70001c8a:	07f00793          	li	a5,127
    70001c8e:	1af71d63          	bne	a4,a5,70001e48 <window_readline+0x2bc>
/embryos/chapter12/apps/window2.c:22
            if (n > 0) {
    70001c92:	fec42783          	lw	a5,-20(s0)
    70001c96:	2781                	sext.w	a5,a5
    70001c98:	26f05f63          	blez	a5,70001f16 <window_readline+0x38a>
/embryos/chapter12/apps/window2.c:23
                user_put(window->cur_col, NROWS - 1,   // erase cursor
    70001c9c:	fd843783          	ld	a5,-40(s0)
    70001ca0:	35c7a503          	lw	a0,860(a5)
/embryos/chapter12/apps/window2.c:24
                        CELL(' ', window->cur_fg, window->cur_bg));
    70001ca4:	fd843783          	ld	a5,-40(s0)
    70001ca8:	3607a783          	lw	a5,864(a5)
    70001cac:	0107979b          	slliw	a5,a5,0x10
    70001cb0:	4107d79b          	sraiw	a5,a5,0x10
    70001cb4:	0087979b          	slliw	a5,a5,0x8
    70001cb8:	0107979b          	slliw	a5,a5,0x10
    70001cbc:	4107d79b          	sraiw	a5,a5,0x10
    70001cc0:	7007f793          	andi	a5,a5,1792
    70001cc4:	0107979b          	slliw	a5,a5,0x10
    70001cc8:	4107d79b          	sraiw	a5,a5,0x10
    70001ccc:	0207e793          	ori	a5,a5,32
    70001cd0:	0107971b          	slliw	a4,a5,0x10
    70001cd4:	4107571b          	sraiw	a4,a4,0x10
    70001cd8:	fd843783          	ld	a5,-40(s0)
    70001cdc:	3647a783          	lw	a5,868(a5)
    70001ce0:	0107979b          	slliw	a5,a5,0x10
    70001ce4:	4107d79b          	sraiw	a5,a5,0x10
    70001ce8:	00b7979b          	slliw	a5,a5,0xb
    70001cec:	0107969b          	slliw	a3,a5,0x10
    70001cf0:	4106d69b          	sraiw	a3,a3,0x10
    70001cf4:	6791                	lui	a5,0x4
    70001cf6:	80078793          	addi	a5,a5,-2048 # 3800 <flat_file_off+0x2800>
    70001cfa:	8ff5                	and	a5,a5,a3
    70001cfc:	0107979b          	slliw	a5,a5,0x10
    70001d00:	4107d79b          	sraiw	a5,a5,0x10
    70001d04:	8fd9                	or	a5,a5,a4
    70001d06:	0107979b          	slliw	a5,a5,0x10
    70001d0a:	4107d79b          	sraiw	a5,a5,0x10
/embryos/chapter12/apps/window2.c:23
                user_put(window->cur_col, NROWS - 1,   // erase cursor
    70001d0e:	17c2                	slli	a5,a5,0x30
    70001d10:	93c1                	srli	a5,a5,0x30
    70001d12:	863e                	mv	a2,a5
    70001d14:	45a9                	li	a1,10
    70001d16:	ffffe097          	auipc	ra,0xffffe
    70001d1a:	316080e7          	jalr	790(ra) # 7000002c <user_put>
/embryos/chapter12/apps/window2.c:25
                window->cur_col--;
    70001d1e:	fd843783          	ld	a5,-40(s0)
    70001d22:	35c7a783          	lw	a5,860(a5)
    70001d26:	37fd                	addiw	a5,a5,-1
    70001d28:	0007871b          	sext.w	a4,a5
    70001d2c:	fd843783          	ld	a5,-40(s0)
    70001d30:	34e7ae23          	sw	a4,860(a5)
/embryos/chapter12/apps/window2.c:27
                window->cells[NROWS - 1][window->cur_col] =
                        CELL(' ', window->cur_fg, window->cur_bg);
    70001d34:	fd843783          	ld	a5,-40(s0)
    70001d38:	3607a783          	lw	a5,864(a5)
    70001d3c:	0107979b          	slliw	a5,a5,0x10
    70001d40:	4107d79b          	sraiw	a5,a5,0x10
    70001d44:	0087979b          	slliw	a5,a5,0x8
    70001d48:	0107979b          	slliw	a5,a5,0x10
    70001d4c:	4107d79b          	sraiw	a5,a5,0x10
    70001d50:	7007f793          	andi	a5,a5,1792
    70001d54:	0107979b          	slliw	a5,a5,0x10
    70001d58:	4107d79b          	sraiw	a5,a5,0x10
    70001d5c:	0207e793          	ori	a5,a5,32
    70001d60:	0107971b          	slliw	a4,a5,0x10
    70001d64:	4107571b          	sraiw	a4,a4,0x10
    70001d68:	fd843783          	ld	a5,-40(s0)
    70001d6c:	3647a783          	lw	a5,868(a5)
    70001d70:	0107979b          	slliw	a5,a5,0x10
    70001d74:	4107d79b          	sraiw	a5,a5,0x10
    70001d78:	00b7979b          	slliw	a5,a5,0xb
    70001d7c:	0107969b          	slliw	a3,a5,0x10
    70001d80:	4106d69b          	sraiw	a3,a3,0x10
    70001d84:	6791                	lui	a5,0x4
    70001d86:	80078793          	addi	a5,a5,-2048 # 3800 <flat_file_off+0x2800>
    70001d8a:	8ff5                	and	a5,a5,a3
    70001d8c:	0107979b          	slliw	a5,a5,0x10
    70001d90:	4107d79b          	sraiw	a5,a5,0x10
    70001d94:	8fd9                	or	a5,a5,a4
    70001d96:	0107971b          	slliw	a4,a5,0x10
    70001d9a:	4107571b          	sraiw	a4,a4,0x10
/embryos/chapter12/apps/window2.c:26
                window->cells[NROWS - 1][window->cur_col] =
    70001d9e:	fd843783          	ld	a5,-40(s0)
    70001da2:	35c7a783          	lw	a5,860(a5)
/embryos/chapter12/apps/window2.c:27
                        CELL(' ', window->cur_fg, window->cur_bg);
    70001da6:	1742                	slli	a4,a4,0x30
    70001da8:	9341                	srli	a4,a4,0x30
/embryos/chapter12/apps/window2.c:26
                window->cells[NROWS - 1][window->cur_col] =
    70001daa:	fd843683          	ld	a3,-40(s0)
    70001dae:	18678793          	addi	a5,a5,390
    70001db2:	0786                	slli	a5,a5,0x1
    70001db4:	97b6                	add	a5,a5,a3
    70001db6:	00e79023          	sh	a4,0(a5)
/embryos/chapter12/apps/window2.c:28
                user_put(window->cur_col, NROWS - 1,   // erase last char
    70001dba:	fd843783          	ld	a5,-40(s0)
    70001dbe:	35c7a503          	lw	a0,860(a5)
/embryos/chapter12/apps/window2.c:29
                        CELL(' ', window->cur_fg, window->cur_bg));
    70001dc2:	fd843783          	ld	a5,-40(s0)
    70001dc6:	3607a783          	lw	a5,864(a5)
    70001dca:	0107979b          	slliw	a5,a5,0x10
    70001dce:	4107d79b          	sraiw	a5,a5,0x10
    70001dd2:	0087979b          	slliw	a5,a5,0x8
    70001dd6:	0107979b          	slliw	a5,a5,0x10
    70001dda:	4107d79b          	sraiw	a5,a5,0x10
    70001dde:	7007f793          	andi	a5,a5,1792
    70001de2:	0107979b          	slliw	a5,a5,0x10
    70001de6:	4107d79b          	sraiw	a5,a5,0x10
    70001dea:	0207e793          	ori	a5,a5,32
    70001dee:	0107971b          	slliw	a4,a5,0x10
    70001df2:	4107571b          	sraiw	a4,a4,0x10
    70001df6:	fd843783          	ld	a5,-40(s0)
    70001dfa:	3647a783          	lw	a5,868(a5)
    70001dfe:	0107979b          	slliw	a5,a5,0x10
    70001e02:	4107d79b          	sraiw	a5,a5,0x10
    70001e06:	00b7979b          	slliw	a5,a5,0xb
    70001e0a:	0107969b          	slliw	a3,a5,0x10
    70001e0e:	4106d69b          	sraiw	a3,a3,0x10
    70001e12:	6791                	lui	a5,0x4
    70001e14:	80078793          	addi	a5,a5,-2048 # 3800 <flat_file_off+0x2800>
    70001e18:	8ff5                	and	a5,a5,a3
    70001e1a:	0107979b          	slliw	a5,a5,0x10
    70001e1e:	4107d79b          	sraiw	a5,a5,0x10
    70001e22:	8fd9                	or	a5,a5,a4
    70001e24:	0107979b          	slliw	a5,a5,0x10
    70001e28:	4107d79b          	sraiw	a5,a5,0x10
/embryos/chapter12/apps/window2.c:28
                user_put(window->cur_col, NROWS - 1,   // erase last char
    70001e2c:	17c2                	slli	a5,a5,0x30
    70001e2e:	93c1                	srli	a5,a5,0x30
    70001e30:	863e                	mv	a2,a5
    70001e32:	45a9                	li	a1,10
    70001e34:	ffffe097          	auipc	ra,0xffffe
    70001e38:	1f8080e7          	jalr	504(ra) # 7000002c <user_put>
/embryos/chapter12/apps/window2.c:30
                n--;
    70001e3c:	fec42783          	lw	a5,-20(s0)
    70001e40:	37fd                	addiw	a5,a5,-1
    70001e42:	fef42623          	sw	a5,-20(s0)
/embryos/chapter12/apps/window2.c:22
            if (n > 0) {
    70001e46:	a8c1                	j	70001f16 <window_readline+0x38a>
/embryos/chapter12/apps/window2.c:34
            }
        }
        else {
            if (c == '\r') c = '\n';
    70001e48:	fe842783          	lw	a5,-24(s0)
    70001e4c:	0007871b          	sext.w	a4,a5
    70001e50:	47b5                	li	a5,13
    70001e52:	00f71563          	bne	a4,a5,70001e5c <window_readline+0x2d0>
/embryos/chapter12/apps/window2.c:34 (discriminator 1)
    70001e56:	47a9                	li	a5,10
    70001e58:	fef42423          	sw	a5,-24(s0)
/embryos/chapter12/apps/window2.c:35
            if (n < size - 1) line[n] = c;
    70001e5c:	fcc42783          	lw	a5,-52(s0)
    70001e60:	37fd                	addiw	a5,a5,-1
    70001e62:	2781                	sext.w	a5,a5
    70001e64:	fec42703          	lw	a4,-20(s0)
    70001e68:	2701                	sext.w	a4,a4
    70001e6a:	00f75d63          	bge	a4,a5,70001e84 <window_readline+0x2f8>
/embryos/chapter12/apps/window2.c:35 (discriminator 1)
    70001e6e:	fec42783          	lw	a5,-20(s0)
    70001e72:	fd043703          	ld	a4,-48(s0)
    70001e76:	97ba                	add	a5,a5,a4
    70001e78:	fe842703          	lw	a4,-24(s0)
    70001e7c:	0ff77713          	zext.b	a4,a4
    70001e80:	00e78023          	sb	a4,0(a5)
/embryos/chapter12/apps/window2.c:36
            n++;
    70001e84:	fec42783          	lw	a5,-20(s0)
    70001e88:	2785                	addiw	a5,a5,1
    70001e8a:	fef42623          	sw	a5,-20(s0)
/embryos/chapter12/apps/window2.c:37
            if (c == '\n') {
    70001e8e:	fe842783          	lw	a5,-24(s0)
    70001e92:	0007871b          	sext.w	a4,a5
    70001e96:	47a9                	li	a5,10
    70001e98:	04f71263          	bne	a4,a5,70001edc <window_readline+0x350>
/embryos/chapter12/apps/window2.c:38
                line[(n < size - 1) ? n : (size - 1)] = 0;
    70001e9c:	fcc42783          	lw	a5,-52(s0)
    70001ea0:	37fd                	addiw	a5,a5,-1
    70001ea2:	2781                	sext.w	a5,a5
    70001ea4:	863e                	mv	a2,a5
    70001ea6:	fec42783          	lw	a5,-20(s0)
    70001eaa:	86be                	mv	a3,a5
    70001eac:	0006871b          	sext.w	a4,a3
    70001eb0:	0006079b          	sext.w	a5,a2
    70001eb4:	00e7d363          	bge	a5,a4,70001eba <window_readline+0x32e>
    70001eb8:	86b2                	mv	a3,a2
    70001eba:	0006879b          	sext.w	a5,a3
    70001ebe:	873e                	mv	a4,a5
    70001ec0:	fd043783          	ld	a5,-48(s0)
    70001ec4:	97ba                	add	a5,a5,a4
    70001ec6:	00078023          	sb	zero,0(a5)
/embryos/chapter12/apps/window2.c:39
                window_putchar(window, '\n');
    70001eca:	45a9                	li	a1,10
    70001ecc:	fd843503          	ld	a0,-40(s0)
    70001ed0:	00000097          	auipc	ra,0x0
    70001ed4:	af2080e7          	jalr	-1294(ra) # 700019c2 <window_putchar>
/embryos/chapter12/apps/window2.c:40
                return 1;
    70001ed8:	4785                	li	a5,1
    70001eda:	a83d                	j	70001f18 <window_readline+0x38c>
/embryos/chapter12/apps/window2.c:42
            }
            else window_putchar(window, (32 <= c && c < 127) ? c : '?');
    70001edc:	fe842783          	lw	a5,-24(s0)
    70001ee0:	0007871b          	sext.w	a4,a5
    70001ee4:	47fd                	li	a5,31
    70001ee6:	00e7df63          	bge	a5,a4,70001f04 <window_readline+0x378>
/embryos/chapter12/apps/window2.c:42 (discriminator 1)
    70001eea:	fe842783          	lw	a5,-24(s0)
    70001eee:	0007871b          	sext.w	a4,a5
    70001ef2:	07e00793          	li	a5,126
    70001ef6:	00e7c763          	blt	a5,a4,70001f04 <window_readline+0x378>
/embryos/chapter12/apps/window2.c:42 (discriminator 3)
    70001efa:	fe842783          	lw	a5,-24(s0)
    70001efe:	0ff7f793          	zext.b	a5,a5
/embryos/chapter12/apps/window2.c:42
    70001f02:	a019                	j	70001f08 <window_readline+0x37c>
/embryos/chapter12/apps/window2.c:42 (discriminator 4)
    70001f04:	03f00793          	li	a5,63
/embryos/chapter12/apps/window2.c:42 (discriminator 6)
    70001f08:	85be                	mv	a1,a5
    70001f0a:	fd843503          	ld	a0,-40(s0)
    70001f0e:	00000097          	auipc	ra,0x0
    70001f12:	ab4080e7          	jalr	-1356(ra) # 700019c2 <window_putchar>
/embryos/chapter12/apps/window2.c:6
    for (;;) {
    70001f16:	b941                	j	70001ba6 <window_readline+0x1a>
/embryos/chapter12/apps/window2.c:45
        }
    }
}
    70001f18:	853e                	mv	a0,a5
    70001f1a:	70e2                	ld	ra,56(sp)
    70001f1c:	7442                	ld	s0,48(sp)
    70001f1e:	6121                	addi	sp,sp,64
    70001f20:	8082                	ret

0000000070001f22 <init>:
init():
/embryos/chapter12/apps/putchar.c:8
#include "stdio.h"

static struct window window;
static int initialized = 0;

static void init(){
    70001f22:	1141                	addi	sp,sp,-16
    70001f24:	e406                	sd	ra,8(sp)
    70001f26:	e022                	sd	s0,0(sp)
    70001f28:	0800                	addi	s0,sp,16
/embryos/chapter12/apps/putchar.c:9
    if (!initialized) {
    70001f2a:	00001797          	auipc	a5,0x1
    70001f2e:	2e678793          	addi	a5,a5,742 # 70003210 <initialized>
    70001f32:	439c                	lw	a5,0(a5)
    70001f34:	e79d                	bnez	a5,70001f62 <init+0x40>
/embryos/chapter12/apps/putchar.c:10
        window_init(&window);
    70001f36:	00001517          	auipc	a0,0x1
    70001f3a:	f7250513          	addi	a0,a0,-142 # 70002ea8 <window>
    70001f3e:	00000097          	auipc	ra,0x0
    70001f42:	882080e7          	jalr	-1918(ra) # 700017c0 <window_init>
/embryos/chapter12/apps/putchar.c:11
        window_sync(&window);
    70001f46:	00001517          	auipc	a0,0x1
    70001f4a:	f6250513          	addi	a0,a0,-158 # 70002ea8 <window>
    70001f4e:	00000097          	auipc	ra,0x0
    70001f52:	908080e7          	jalr	-1784(ra) # 70001856 <window_sync>
/embryos/chapter12/apps/putchar.c:12
        initialized = 1;
    70001f56:	00001797          	auipc	a5,0x1
    70001f5a:	2ba78793          	addi	a5,a5,698 # 70003210 <initialized>
    70001f5e:	4705                	li	a4,1
    70001f60:	c398                	sw	a4,0(a5)
/embryos/chapter12/apps/putchar.c:14
    }
}
    70001f62:	0001                	nop
    70001f64:	60a2                	ld	ra,8(sp)
    70001f66:	6402                	ld	s0,0(sp)
    70001f68:	0141                	addi	sp,sp,16
    70001f6a:	8082                	ret

0000000070001f6c <putchar>:
putchar():
/embryos/chapter12/apps/putchar.c:16

void putchar(char c) {
    70001f6c:	1101                	addi	sp,sp,-32
    70001f6e:	ec06                	sd	ra,24(sp)
    70001f70:	e822                	sd	s0,16(sp)
    70001f72:	1000                	addi	s0,sp,32
    70001f74:	87aa                	mv	a5,a0
    70001f76:	fef407a3          	sb	a5,-17(s0)
/embryos/chapter12/apps/putchar.c:17
    init();
    70001f7a:	00000097          	auipc	ra,0x0
    70001f7e:	fa8080e7          	jalr	-88(ra) # 70001f22 <init>
/embryos/chapter12/apps/putchar.c:18
    window_putchar(&window, c);
    70001f82:	fef44783          	lbu	a5,-17(s0)
    70001f86:	85be                	mv	a1,a5
    70001f88:	00001517          	auipc	a0,0x1
    70001f8c:	f2050513          	addi	a0,a0,-224 # 70002ea8 <window>
    70001f90:	00000097          	auipc	ra,0x0
    70001f94:	a32080e7          	jalr	-1486(ra) # 700019c2 <window_putchar>
/embryos/chapter12/apps/putchar.c:19
}
    70001f98:	0001                	nop
    70001f9a:	60e2                	ld	ra,24(sp)
    70001f9c:	6442                	ld	s0,16(sp)
    70001f9e:	6105                	addi	sp,sp,32
    70001fa0:	8082                	ret

0000000070001fa2 <readline>:
readline():
/embryos/chapter12/apps/putchar.c:21

int readline(char *line, int size) {
    70001fa2:	1101                	addi	sp,sp,-32
    70001fa4:	ec06                	sd	ra,24(sp)
    70001fa6:	e822                	sd	s0,16(sp)
    70001fa8:	1000                	addi	s0,sp,32
    70001faa:	fea43423          	sd	a0,-24(s0)
    70001fae:	87ae                	mv	a5,a1
    70001fb0:	fef42223          	sw	a5,-28(s0)
/embryos/chapter12/apps/putchar.c:22
    init();
    70001fb4:	00000097          	auipc	ra,0x0
    70001fb8:	f6e080e7          	jalr	-146(ra) # 70001f22 <init>
/embryos/chapter12/apps/putchar.c:23
    return window_readline(&window, line, size);
    70001fbc:	fe442783          	lw	a5,-28(s0)
    70001fc0:	863e                	mv	a2,a5
    70001fc2:	fe843583          	ld	a1,-24(s0)
    70001fc6:	00001517          	auipc	a0,0x1
    70001fca:	ee250513          	addi	a0,a0,-286 # 70002ea8 <window>
    70001fce:	00000097          	auipc	ra,0x0
    70001fd2:	bbe080e7          	jalr	-1090(ra) # 70001b8c <window_readline>
    70001fd6:	87aa                	mv	a5,a0
/embryos/chapter12/apps/putchar.c:24
}
    70001fd8:	853e                	mv	a0,a5
    70001fda:	60e2                	ld	ra,24(sp)
    70001fdc:	6442                	ld	s0,16(sp)
    70001fde:	6105                	addi	sp,sp,32
    70001fe0:	8082                	ret

0000000070001fe2 <malloc>:
malloc():
/embryos/chapter12/apps/malloc.c:20
};

static struct m_hdr *free_list, *brk;
extern struct m_hdr __bss_end[];

void *malloc(size_t size) {
    70001fe2:	7139                	addi	sp,sp,-64
    70001fe4:	fc06                	sd	ra,56(sp)
    70001fe6:	f822                	sd	s0,48(sp)
    70001fe8:	0080                	addi	s0,sp,64
    70001fea:	fca43423          	sd	a0,-56(s0)
/embryos/chapter12/apps/malloc.c:22
    struct m_hdr *mh;
    size = ROUNDUP(sizeof(*mh) + size);
    70001fee:	fc843783          	ld	a5,-56(s0)
    70001ff2:	07fd                	addi	a5,a5,31
    70001ff4:	9bc1                	andi	a5,a5,-16
    70001ff6:	fcf43423          	sd	a5,-56(s0)
/embryos/chapter12/apps/malloc.c:23
    for (struct m_hdr **pmh = &free_list; (mh = *pmh); pmh = &mh->next)
    70001ffa:	00001797          	auipc	a5,0x1
    70001ffe:	21e78793          	addi	a5,a5,542 # 70003218 <free_list>
    70002002:	fef43423          	sd	a5,-24(s0)
    70002006:	a035                	j	70002032 <malloc+0x50>
/embryos/chapter12/apps/malloc.c:24
        if (mh->size == size) {
    70002008:	fe043783          	ld	a5,-32(s0)
    7000200c:	679c                	ld	a5,8(a5)
    7000200e:	fc843703          	ld	a4,-56(s0)
    70002012:	00f71c63          	bne	a4,a5,7000202a <malloc+0x48>
/embryos/chapter12/apps/malloc.c:25
            *pmh = mh->next;
    70002016:	fe043783          	ld	a5,-32(s0)
    7000201a:	6398                	ld	a4,0(a5)
    7000201c:	fe843783          	ld	a5,-24(s0)
    70002020:	e398                	sd	a4,0(a5)
/embryos/chapter12/apps/malloc.c:26
            return &mh[1];
    70002022:	fe043783          	ld	a5,-32(s0)
    70002026:	07c1                	addi	a5,a5,16
    70002028:	a841                	j	700020b8 <malloc+0xd6>
/embryos/chapter12/apps/malloc.c:23 (discriminator 2)
    for (struct m_hdr **pmh = &free_list; (mh = *pmh); pmh = &mh->next)
    7000202a:	fe043783          	ld	a5,-32(s0)
    7000202e:	fef43423          	sd	a5,-24(s0)
/embryos/chapter12/apps/malloc.c:23 (discriminator 1)
    70002032:	fe843783          	ld	a5,-24(s0)
    70002036:	639c                	ld	a5,0(a5)
    70002038:	fef43023          	sd	a5,-32(s0)
    7000203c:	fe043783          	ld	a5,-32(s0)
    70002040:	f7e1                	bnez	a5,70002008 <malloc+0x26>
/embryos/chapter12/apps/malloc.c:28
        }
    if (!brk) brk = (struct m_hdr *) ROUNDUP(&__bss_end[1]) - 1;
    70002042:	00001797          	auipc	a5,0x1
    70002046:	1de78793          	addi	a5,a5,478 # 70003220 <brk>
    7000204a:	639c                	ld	a5,0(a5)
    7000204c:	ef91                	bnez	a5,70002068 <malloc+0x86>
/embryos/chapter12/apps/malloc.c:28 (discriminator 1)
    7000204e:	00001797          	auipc	a5,0x1
    70002052:	33278793          	addi	a5,a5,818 # 70003380 <__bss_end+0x10>
    70002056:	07bd                	addi	a5,a5,15
    70002058:	9bc1                	andi	a5,a5,-16
    7000205a:	17c1                	addi	a5,a5,-16
    7000205c:	873e                	mv	a4,a5
    7000205e:	00001797          	auipc	a5,0x1
    70002062:	1c278793          	addi	a5,a5,450 # 70003220 <brk>
    70002066:	e398                	sd	a4,0(a5)
/embryos/chapter12/apps/malloc.c:29
    char *next = (char *) brk + size;
    70002068:	00001797          	auipc	a5,0x1
    7000206c:	1b878793          	addi	a5,a5,440 # 70003220 <brk>
    70002070:	6398                	ld	a4,0(a5)
    70002072:	fc843783          	ld	a5,-56(s0)
    70002076:	97ba                	add	a5,a5,a4
    70002078:	fcf43c23          	sd	a5,-40(s0)
/embryos/chapter12/apps/malloc.c:30
    if (next > (char *) VM_END) return 0;
    7000207c:	fd843703          	ld	a4,-40(s0)
    70002080:	702007b7          	lui	a5,0x70200
    70002084:	00e7f463          	bgeu	a5,a4,7000208c <malloc+0xaa>
/embryos/chapter12/apps/malloc.c:30 (discriminator 1)
    70002088:	4781                	li	a5,0
/embryos/chapter12/apps/malloc.c:30
    7000208a:	a03d                	j	700020b8 <malloc+0xd6>
/embryos/chapter12/apps/malloc.c:31
    mh = brk;
    7000208c:	00001797          	auipc	a5,0x1
    70002090:	19478793          	addi	a5,a5,404 # 70003220 <brk>
    70002094:	639c                	ld	a5,0(a5)
    70002096:	fef43023          	sd	a5,-32(s0)
/embryos/chapter12/apps/malloc.c:32
    mh->size = size;
    7000209a:	fe043783          	ld	a5,-32(s0)
    7000209e:	fc843703          	ld	a4,-56(s0)
    700020a2:	e798                	sd	a4,8(a5)
/embryos/chapter12/apps/malloc.c:33
    brk = (struct m_hdr *) next;
    700020a4:	00001797          	auipc	a5,0x1
    700020a8:	17c78793          	addi	a5,a5,380 # 70003220 <brk>
    700020ac:	fd843703          	ld	a4,-40(s0)
    700020b0:	e398                	sd	a4,0(a5)
/embryos/chapter12/apps/malloc.c:34
    return &mh[1];
    700020b2:	fe043783          	ld	a5,-32(s0)
    700020b6:	07c1                	addi	a5,a5,16
/embryos/chapter12/apps/malloc.c:35
}
    700020b8:	853e                	mv	a0,a5
    700020ba:	70e2                	ld	ra,56(sp)
    700020bc:	7442                	ld	s0,48(sp)
    700020be:	6121                	addi	sp,sp,64
    700020c0:	8082                	ret

00000000700020c2 <calloc>:
calloc():
/embryos/chapter12/apps/malloc.c:37

void *calloc(size_t nitems, size_t size) {
    700020c2:	7179                	addi	sp,sp,-48
    700020c4:	f406                	sd	ra,40(sp)
    700020c6:	f022                	sd	s0,32(sp)
    700020c8:	1800                	addi	s0,sp,48
    700020ca:	fca43c23          	sd	a0,-40(s0)
    700020ce:	fcb43823          	sd	a1,-48(s0)
/embryos/chapter12/apps/malloc.c:38
    size *= nitems;
    700020d2:	fd043703          	ld	a4,-48(s0)
    700020d6:	fd843783          	ld	a5,-40(s0)
    700020da:	02f707b3          	mul	a5,a4,a5
    700020de:	fcf43823          	sd	a5,-48(s0)
/embryos/chapter12/apps/malloc.c:39
    void *p = malloc(size);
    700020e2:	fd043503          	ld	a0,-48(s0)
    700020e6:	00000097          	auipc	ra,0x0
    700020ea:	efc080e7          	jalr	-260(ra) # 70001fe2 <malloc>
    700020ee:	fea43423          	sd	a0,-24(s0)
/embryos/chapter12/apps/malloc.c:40
    if (p != 0) memset(p, 0, size);
    700020f2:	fe843783          	ld	a5,-24(s0)
    700020f6:	cb91                	beqz	a5,7000210a <calloc+0x48>
/embryos/chapter12/apps/malloc.c:40 (discriminator 1)
    700020f8:	fd043603          	ld	a2,-48(s0)
    700020fc:	4581                	li	a1,0
    700020fe:	fe843503          	ld	a0,-24(s0)
    70002102:	ffffe097          	auipc	ra,0xffffe
    70002106:	53a080e7          	jalr	1338(ra) # 7000063c <memset>
/embryos/chapter12/apps/malloc.c:41
    return p;
    7000210a:	fe843783          	ld	a5,-24(s0)
/embryos/chapter12/apps/malloc.c:42
}
    7000210e:	853e                	mv	a0,a5
    70002110:	70a2                	ld	ra,40(sp)
    70002112:	7402                	ld	s0,32(sp)
    70002114:	6145                	addi	sp,sp,48
    70002116:	8082                	ret

0000000070002118 <realloc>:
realloc():
/embryos/chapter12/apps/malloc.c:44

void *realloc(void *ptr, size_t size) {
    70002118:	7179                	addi	sp,sp,-48
    7000211a:	f406                	sd	ra,40(sp)
    7000211c:	f022                	sd	s0,32(sp)
    7000211e:	1800                	addi	s0,sp,48
    70002120:	fca43c23          	sd	a0,-40(s0)
    70002124:	fcb43823          	sd	a1,-48(s0)
/embryos/chapter12/apps/malloc.c:45
    if (ptr == 0) return malloc(size);
    70002128:	fd843783          	ld	a5,-40(s0)
    7000212c:	eb89                	bnez	a5,7000213e <realloc+0x26>
/embryos/chapter12/apps/malloc.c:45 (discriminator 1)
    7000212e:	fd043503          	ld	a0,-48(s0)
    70002132:	00000097          	auipc	ra,0x0
    70002136:	eb0080e7          	jalr	-336(ra) # 70001fe2 <malloc>
    7000213a:	87aa                	mv	a5,a0
/embryos/chapter12/apps/malloc.c:45
    7000213c:	a895                	j	700021b0 <realloc+0x98>
/embryos/chapter12/apps/malloc.c:46
    struct m_hdr *mh = (struct m_hdr *) ptr - 1;
    7000213e:	fd843783          	ld	a5,-40(s0)
    70002142:	17c1                	addi	a5,a5,-16
    70002144:	fef43423          	sd	a5,-24(s0)
/embryos/chapter12/apps/malloc.c:47
    size = ROUNDUP(sizeof(*mh) + size);
    70002148:	fd043783          	ld	a5,-48(s0)
    7000214c:	07fd                	addi	a5,a5,31
    7000214e:	9bc1                	andi	a5,a5,-16
    70002150:	fcf43823          	sd	a5,-48(s0)
/embryos/chapter12/apps/malloc.c:48
    if (size <= mh->size) return ptr;
    70002154:	fe843783          	ld	a5,-24(s0)
    70002158:	679c                	ld	a5,8(a5)
    7000215a:	fd043703          	ld	a4,-48(s0)
    7000215e:	00e7e563          	bltu	a5,a4,70002168 <realloc+0x50>
/embryos/chapter12/apps/malloc.c:48 (discriminator 1)
    70002162:	fd843783          	ld	a5,-40(s0)
/embryos/chapter12/apps/malloc.c:48
    70002166:	a0a9                	j	700021b0 <realloc+0x98>
/embryos/chapter12/apps/malloc.c:49
    void *newp = malloc(size - sizeof(*mh));
    70002168:	fd043783          	ld	a5,-48(s0)
    7000216c:	17c1                	addi	a5,a5,-16
    7000216e:	853e                	mv	a0,a5
    70002170:	00000097          	auipc	ra,0x0
    70002174:	e72080e7          	jalr	-398(ra) # 70001fe2 <malloc>
    70002178:	fea43023          	sd	a0,-32(s0)
/embryos/chapter12/apps/malloc.c:50
    if (newp == 0) return 0;
    7000217c:	fe043783          	ld	a5,-32(s0)
    70002180:	e399                	bnez	a5,70002186 <realloc+0x6e>
/embryos/chapter12/apps/malloc.c:50 (discriminator 1)
    70002182:	4781                	li	a5,0
/embryos/chapter12/apps/malloc.c:50
    70002184:	a035                	j	700021b0 <realloc+0x98>
/embryos/chapter12/apps/malloc.c:51
    memcpy(newp, ptr, mh->size - sizeof(*mh));
    70002186:	fe843783          	ld	a5,-24(s0)
    7000218a:	679c                	ld	a5,8(a5)
    7000218c:	17c1                	addi	a5,a5,-16
    7000218e:	863e                	mv	a2,a5
    70002190:	fd843583          	ld	a1,-40(s0)
    70002194:	fe043503          	ld	a0,-32(s0)
    70002198:	ffffe097          	auipc	ra,0xffffe
    7000219c:	470080e7          	jalr	1136(ra) # 70000608 <memcpy>
/embryos/chapter12/apps/malloc.c:52
    free(ptr);
    700021a0:	fd843503          	ld	a0,-40(s0)
    700021a4:	00000097          	auipc	ra,0x0
    700021a8:	016080e7          	jalr	22(ra) # 700021ba <free>
/embryos/chapter12/apps/malloc.c:53
    return newp;
    700021ac:	fe043783          	ld	a5,-32(s0)
/embryos/chapter12/apps/malloc.c:54
}
    700021b0:	853e                	mv	a0,a5
    700021b2:	70a2                	ld	ra,40(sp)
    700021b4:	7402                	ld	s0,32(sp)
    700021b6:	6145                	addi	sp,sp,48
    700021b8:	8082                	ret

00000000700021ba <free>:
free():
/embryos/chapter12/apps/malloc.c:56

void free(void *ptr) {
    700021ba:	7179                	addi	sp,sp,-48
    700021bc:	f406                	sd	ra,40(sp)
    700021be:	f022                	sd	s0,32(sp)
    700021c0:	1800                	addi	s0,sp,48
    700021c2:	fca43c23          	sd	a0,-40(s0)
/embryos/chapter12/apps/malloc.c:57
    if (ptr == 0) return;
    700021c6:	fd843783          	ld	a5,-40(s0)
    700021ca:	c795                	beqz	a5,700021f6 <free+0x3c>
/embryos/chapter12/apps/malloc.c:58
    struct m_hdr *mh = (struct m_hdr *) ptr - 1;
    700021cc:	fd843783          	ld	a5,-40(s0)
    700021d0:	17c1                	addi	a5,a5,-16
    700021d2:	fef43423          	sd	a5,-24(s0)
/embryos/chapter12/apps/malloc.c:59
    mh->next = free_list;
    700021d6:	00001797          	auipc	a5,0x1
    700021da:	04278793          	addi	a5,a5,66 # 70003218 <free_list>
    700021de:	6398                	ld	a4,0(a5)
    700021e0:	fe843783          	ld	a5,-24(s0)
    700021e4:	e398                	sd	a4,0(a5)
/embryos/chapter12/apps/malloc.c:60
    free_list = mh;
    700021e6:	00001797          	auipc	a5,0x1
    700021ea:	03278793          	addi	a5,a5,50 # 70003218 <free_list>
    700021ee:	fe843703          	ld	a4,-24(s0)
    700021f2:	e398                	sd	a4,0(a5)
    700021f4:	a011                	j	700021f8 <free+0x3e>
/embryos/chapter12/apps/malloc.c:57
    if (ptr == 0) return;
    700021f6:	0001                	nop
/embryos/chapter12/apps/malloc.c:61
}
    700021f8:	70a2                	ld	ra,40(sp)
    700021fa:	7402                	ld	s0,32(sp)
    700021fc:	6145                	addi	sp,sp,48
    700021fe:	8082                	ret

0000000070002200 <enqueue_runnable>:
enqueue_runnable():
/embryos/chapter12/apps/thread.c:79
static int input_q_push(int ev);
static int input_q_pop(int *ev);
static void reap_zombies(void);

// Add thread to runnable queue
static void enqueue_runnable(thread_t *t) {
    70002200:	7179                	addi	sp,sp,-48
    70002202:	f406                	sd	ra,40(sp)
    70002204:	f022                	sd	s0,32(sp)
    70002206:	1800                	addi	s0,sp,48
    70002208:	fca43c23          	sd	a0,-40(s0)
/embryos/chapter12/apps/thread.c:80
    if (!t) return;
    7000220c:	fd843783          	ld	a5,-40(s0)
    70002210:	cfb1                	beqz	a5,7000226c <enqueue_runnable+0x6c>
/embryos/chapter12/apps/thread.c:81
    t->state = THREAD_RUNNABLE;
    70002212:	fd843783          	ld	a5,-40(s0)
    70002216:	0207a023          	sw	zero,32(a5)
/embryos/chapter12/apps/thread.c:82
    t->next = NULL;
    7000221a:	fd843783          	ld	a5,-40(s0)
    7000221e:	0207bc23          	sd	zero,56(a5)
/embryos/chapter12/apps/thread.c:84

    if (!runnable_queue) {
    70002222:	00001797          	auipc	a5,0x1
    70002226:	11678793          	addi	a5,a5,278 # 70003338 <runnable_queue>
    7000222a:	639c                	ld	a5,0(a5)
    7000222c:	eb89                	bnez	a5,7000223e <enqueue_runnable+0x3e>
/embryos/chapter12/apps/thread.c:85
        runnable_queue = t;
    7000222e:	00001797          	auipc	a5,0x1
    70002232:	10a78793          	addi	a5,a5,266 # 70003338 <runnable_queue>
    70002236:	fd843703          	ld	a4,-40(s0)
    7000223a:	e398                	sd	a4,0(a5)
    7000223c:	a80d                	j	7000226e <enqueue_runnable+0x6e>
/embryos/chapter12/apps/thread.c:87
    } else {
        thread_t *iter = runnable_queue;
    7000223e:	00001797          	auipc	a5,0x1
    70002242:	0fa78793          	addi	a5,a5,250 # 70003338 <runnable_queue>
    70002246:	639c                	ld	a5,0(a5)
    70002248:	fef43423          	sd	a5,-24(s0)
/embryos/chapter12/apps/thread.c:88
        while (iter->next) iter = iter->next;
    7000224c:	a031                	j	70002258 <enqueue_runnable+0x58>
/embryos/chapter12/apps/thread.c:88 (discriminator 2)
    7000224e:	fe843783          	ld	a5,-24(s0)
    70002252:	7f9c                	ld	a5,56(a5)
    70002254:	fef43423          	sd	a5,-24(s0)
/embryos/chapter12/apps/thread.c:88 (discriminator 1)
    70002258:	fe843783          	ld	a5,-24(s0)
    7000225c:	7f9c                	ld	a5,56(a5)
    7000225e:	fbe5                	bnez	a5,7000224e <enqueue_runnable+0x4e>
/embryos/chapter12/apps/thread.c:89
        iter->next = t;
    70002260:	fe843783          	ld	a5,-24(s0)
    70002264:	fd843703          	ld	a4,-40(s0)
    70002268:	ff98                	sd	a4,56(a5)
    7000226a:	a011                	j	7000226e <enqueue_runnable+0x6e>
/embryos/chapter12/apps/thread.c:80
    if (!t) return;
    7000226c:	0001                	nop
/embryos/chapter12/apps/thread.c:91
    }
}
    7000226e:	70a2                	ld	ra,40(sp)
    70002270:	7402                	ld	s0,32(sp)
    70002272:	6145                	addi	sp,sp,48
    70002274:	8082                	ret

0000000070002276 <dequeue_runnable>:
dequeue_runnable():
/embryos/chapter12/apps/thread.c:94

// Remove first runnable thread
static thread_t *dequeue_runnable(void) {
    70002276:	1101                	addi	sp,sp,-32
    70002278:	ec06                	sd	ra,24(sp)
    7000227a:	e822                	sd	s0,16(sp)
    7000227c:	1000                	addi	s0,sp,32
/embryos/chapter12/apps/thread.c:95
    thread_t *t = runnable_queue;
    7000227e:	00001797          	auipc	a5,0x1
    70002282:	0ba78793          	addi	a5,a5,186 # 70003338 <runnable_queue>
    70002286:	639c                	ld	a5,0(a5)
    70002288:	fef43423          	sd	a5,-24(s0)
/embryos/chapter12/apps/thread.c:96
    if (t) {
    7000228c:	fe843783          	ld	a5,-24(s0)
    70002290:	cf89                	beqz	a5,700022aa <dequeue_runnable+0x34>
/embryos/chapter12/apps/thread.c:97
        runnable_queue = t->next;
    70002292:	fe843783          	ld	a5,-24(s0)
    70002296:	7f98                	ld	a4,56(a5)
    70002298:	00001797          	auipc	a5,0x1
    7000229c:	0a078793          	addi	a5,a5,160 # 70003338 <runnable_queue>
    700022a0:	e398                	sd	a4,0(a5)
/embryos/chapter12/apps/thread.c:98
        t->next = NULL;
    700022a2:	fe843783          	ld	a5,-24(s0)
    700022a6:	0207bc23          	sd	zero,56(a5)
/embryos/chapter12/apps/thread.c:100
    }
    return t;
    700022aa:	fe843783          	ld	a5,-24(s0)
/embryos/chapter12/apps/thread.c:101
}
    700022ae:	853e                	mv	a0,a5
    700022b0:	60e2                	ld	ra,24(sp)
    700022b2:	6442                	ld	s0,16(sp)
    700022b4:	6105                	addi	sp,sp,32
    700022b6:	8082                	ret

00000000700022b8 <enqueue_sleeping>:
enqueue_sleeping():
/embryos/chapter12/apps/thread.c:104

// Add thread to sleeping queue sorted by wake time
static void enqueue_sleeping(thread_t *t, uint64_t wake_time) {
    700022b8:	7179                	addi	sp,sp,-48
    700022ba:	f406                	sd	ra,40(sp)
    700022bc:	f022                	sd	s0,32(sp)
    700022be:	1800                	addi	s0,sp,48
    700022c0:	fca43c23          	sd	a0,-40(s0)
    700022c4:	fcb43823          	sd	a1,-48(s0)
/embryos/chapter12/apps/thread.c:105
    t->state = THREAD_SLEEPING;
    700022c8:	fd843783          	ld	a5,-40(s0)
    700022cc:	4705                	li	a4,1
    700022ce:	d398                	sw	a4,32(a5)
/embryos/chapter12/apps/thread.c:106
    t->wake_time = wake_time;
    700022d0:	fd843783          	ld	a5,-40(s0)
    700022d4:	fd043703          	ld	a4,-48(s0)
    700022d8:	f798                	sd	a4,40(a5)
/embryos/chapter12/apps/thread.c:107
    t->next = NULL;
    700022da:	fd843783          	ld	a5,-40(s0)
    700022de:	0207bc23          	sd	zero,56(a5)
/embryos/chapter12/apps/thread.c:109

    if (!sleeping_queue) {
    700022e2:	00001797          	auipc	a5,0x1
    700022e6:	05e78793          	addi	a5,a5,94 # 70003340 <sleeping_queue>
    700022ea:	639c                	ld	a5,0(a5)
    700022ec:	eb89                	bnez	a5,700022fe <enqueue_sleeping+0x46>
/embryos/chapter12/apps/thread.c:110
        sleeping_queue = t;
    700022ee:	00001797          	auipc	a5,0x1
    700022f2:	05278793          	addi	a5,a5,82 # 70003340 <sleeping_queue>
    700022f6:	fd843703          	ld	a4,-40(s0)
    700022fa:	e398                	sd	a4,0(a5)
/embryos/chapter12/apps/thread.c:122
            iter = iter->next;
        }
        t->next = iter->next;
        iter->next = t;
    }
}
    700022fc:	a8bd                	j	7000237a <enqueue_sleeping+0xc2>
/embryos/chapter12/apps/thread.c:111
    } else if (wake_time < sleeping_queue->wake_time) {
    700022fe:	00001797          	auipc	a5,0x1
    70002302:	04278793          	addi	a5,a5,66 # 70003340 <sleeping_queue>
    70002306:	639c                	ld	a5,0(a5)
    70002308:	779c                	ld	a5,40(a5)
    7000230a:	fd043703          	ld	a4,-48(s0)
    7000230e:	02f77263          	bgeu	a4,a5,70002332 <enqueue_sleeping+0x7a>
/embryos/chapter12/apps/thread.c:112
        t->next = sleeping_queue;
    70002312:	00001797          	auipc	a5,0x1
    70002316:	02e78793          	addi	a5,a5,46 # 70003340 <sleeping_queue>
    7000231a:	6398                	ld	a4,0(a5)
    7000231c:	fd843783          	ld	a5,-40(s0)
    70002320:	ff98                	sd	a4,56(a5)
/embryos/chapter12/apps/thread.c:113
        sleeping_queue = t;
    70002322:	00001797          	auipc	a5,0x1
    70002326:	01e78793          	addi	a5,a5,30 # 70003340 <sleeping_queue>
    7000232a:	fd843703          	ld	a4,-40(s0)
    7000232e:	e398                	sd	a4,0(a5)
/embryos/chapter12/apps/thread.c:122
}
    70002330:	a0a9                	j	7000237a <enqueue_sleeping+0xc2>
/embryos/chapter12/apps/thread.c:115
        thread_t *iter = sleeping_queue;
    70002332:	00001797          	auipc	a5,0x1
    70002336:	00e78793          	addi	a5,a5,14 # 70003340 <sleeping_queue>
    7000233a:	639c                	ld	a5,0(a5)
    7000233c:	fef43423          	sd	a5,-24(s0)
/embryos/chapter12/apps/thread.c:116
        while (iter->next && iter->next->wake_time <= wake_time) {
    70002340:	a031                	j	7000234c <enqueue_sleeping+0x94>
/embryos/chapter12/apps/thread.c:117
            iter = iter->next;
    70002342:	fe843783          	ld	a5,-24(s0)
    70002346:	7f9c                	ld	a5,56(a5)
    70002348:	fef43423          	sd	a5,-24(s0)
/embryos/chapter12/apps/thread.c:116
        while (iter->next && iter->next->wake_time <= wake_time) {
    7000234c:	fe843783          	ld	a5,-24(s0)
    70002350:	7f9c                	ld	a5,56(a5)
    70002352:	cb89                	beqz	a5,70002364 <enqueue_sleeping+0xac>
/embryos/chapter12/apps/thread.c:116 (discriminator 1)
    70002354:	fe843783          	ld	a5,-24(s0)
    70002358:	7f9c                	ld	a5,56(a5)
    7000235a:	779c                	ld	a5,40(a5)
    7000235c:	fd043703          	ld	a4,-48(s0)
    70002360:	fef771e3          	bgeu	a4,a5,70002342 <enqueue_sleeping+0x8a>
/embryos/chapter12/apps/thread.c:119
        t->next = iter->next;
    70002364:	fe843783          	ld	a5,-24(s0)
    70002368:	7f98                	ld	a4,56(a5)
    7000236a:	fd843783          	ld	a5,-40(s0)
    7000236e:	ff98                	sd	a4,56(a5)
/embryos/chapter12/apps/thread.c:120
        iter->next = t;
    70002370:	fe843783          	ld	a5,-24(s0)
    70002374:	fd843703          	ld	a4,-40(s0)
    70002378:	ff98                	sd	a4,56(a5)
/embryos/chapter12/apps/thread.c:122
}
    7000237a:	0001                	nop
    7000237c:	70a2                	ld	ra,40(sp)
    7000237e:	7402                	ld	s0,32(sp)
    70002380:	6145                	addi	sp,sp,48
    70002382:	8082                	ret

0000000070002384 <wakeup_sleeping_threads>:
wakeup_sleeping_threads():
/embryos/chapter12/apps/thread.c:125

// Wake sleeping threads whose deadline has passed
static void wakeup_sleeping_threads(void) {
    70002384:	1101                	addi	sp,sp,-32
    70002386:	ec06                	sd	ra,24(sp)
    70002388:	e822                	sd	s0,16(sp)
    7000238a:	1000                	addi	s0,sp,32
/embryos/chapter12/apps/thread.c:126
    uint64_t now = user_gettime();
    7000238c:	ffffe097          	auipc	ra,0xffffe
    70002390:	cd8080e7          	jalr	-808(ra) # 70000064 <user_gettime>
    70002394:	fea43423          	sd	a0,-24(s0)
/embryos/chapter12/apps/thread.c:128

    while (sleeping_queue && sleeping_queue->wake_time <= now) {
    70002398:	a815                	j	700023cc <wakeup_sleeping_threads+0x48>
/embryos/chapter12/apps/thread.c:129
        thread_t *t = sleeping_queue;
    7000239a:	00001797          	auipc	a5,0x1
    7000239e:	fa678793          	addi	a5,a5,-90 # 70003340 <sleeping_queue>
    700023a2:	639c                	ld	a5,0(a5)
    700023a4:	fef43023          	sd	a5,-32(s0)
/embryos/chapter12/apps/thread.c:130
        sleeping_queue = t->next;
    700023a8:	fe043783          	ld	a5,-32(s0)
    700023ac:	7f98                	ld	a4,56(a5)
    700023ae:	00001797          	auipc	a5,0x1
    700023b2:	f9278793          	addi	a5,a5,-110 # 70003340 <sleeping_queue>
    700023b6:	e398                	sd	a4,0(a5)
/embryos/chapter12/apps/thread.c:131
        t->next = NULL;
    700023b8:	fe043783          	ld	a5,-32(s0)
    700023bc:	0207bc23          	sd	zero,56(a5)
/embryos/chapter12/apps/thread.c:132
        enqueue_runnable(t);
    700023c0:	fe043503          	ld	a0,-32(s0)
    700023c4:	00000097          	auipc	ra,0x0
    700023c8:	e3c080e7          	jalr	-452(ra) # 70002200 <enqueue_runnable>
/embryos/chapter12/apps/thread.c:128
    while (sleeping_queue && sleeping_queue->wake_time <= now) {
    700023cc:	00001797          	auipc	a5,0x1
    700023d0:	f7478793          	addi	a5,a5,-140 # 70003340 <sleeping_queue>
    700023d4:	639c                	ld	a5,0(a5)
    700023d6:	cb99                	beqz	a5,700023ec <wakeup_sleeping_threads+0x68>
/embryos/chapter12/apps/thread.c:128 (discriminator 1)
    700023d8:	00001797          	auipc	a5,0x1
    700023dc:	f6878793          	addi	a5,a5,-152 # 70003340 <sleeping_queue>
    700023e0:	639c                	ld	a5,0(a5)
    700023e2:	779c                	ld	a5,40(a5)
    700023e4:	fe843703          	ld	a4,-24(s0)
    700023e8:	faf779e3          	bgeu	a4,a5,7000239a <wakeup_sleeping_threads+0x16>
/embryos/chapter12/apps/thread.c:134
    }
}
    700023ec:	0001                	nop
    700023ee:	60e2                	ld	ra,24(sp)
    700023f0:	6442                	ld	s0,16(sp)
    700023f2:	6105                	addi	sp,sp,32
    700023f4:	8082                	ret

00000000700023f6 <try_wakeup_input>:
try_wakeup_input():
/embryos/chapter12/apps/thread.c:137

// Deliver queued input to waiting threads
static void try_wakeup_input(void) {
    700023f6:	1101                	addi	sp,sp,-32
    700023f8:	ec06                	sd	ra,24(sp)
    700023fa:	e822                	sd	s0,16(sp)
    700023fc:	1000                	addi	s0,sp,32
/embryos/chapter12/apps/thread.c:139
    int ev;
    while (waiting_input && input_q_pop(&ev)) {
    700023fe:	a83d                	j	7000243c <try_wakeup_input+0x46>
/embryos/chapter12/apps/thread.c:140
        thread_t *w = waiting_input;
    70002400:	00001797          	auipc	a5,0x1
    70002404:	f4878793          	addi	a5,a5,-184 # 70003348 <waiting_input>
    70002408:	639c                	ld	a5,0(a5)
    7000240a:	fef43423          	sd	a5,-24(s0)
/embryos/chapter12/apps/thread.c:141
        waiting_input = w->next;
    7000240e:	fe843783          	ld	a5,-24(s0)
    70002412:	7f98                	ld	a4,56(a5)
    70002414:	00001797          	auipc	a5,0x1
    70002418:	f3478793          	addi	a5,a5,-204 # 70003348 <waiting_input>
    7000241c:	e398                	sd	a4,0(a5)
/embryos/chapter12/apps/thread.c:142
        w->next = NULL;
    7000241e:	fe843783          	ld	a5,-24(s0)
    70002422:	0207bc23          	sd	zero,56(a5)
/embryos/chapter12/apps/thread.c:143
        w->input_event = ev;
    70002426:	fe442703          	lw	a4,-28(s0)
    7000242a:	fe843783          	ld	a5,-24(s0)
    7000242e:	cbf8                	sw	a4,84(a5)
/embryos/chapter12/apps/thread.c:144
        enqueue_runnable(w);
    70002430:	fe843503          	ld	a0,-24(s0)
    70002434:	00000097          	auipc	ra,0x0
    70002438:	dcc080e7          	jalr	-564(ra) # 70002200 <enqueue_runnable>
/embryos/chapter12/apps/thread.c:139
    while (waiting_input && input_q_pop(&ev)) {
    7000243c:	00001797          	auipc	a5,0x1
    70002440:	f0c78793          	addi	a5,a5,-244 # 70003348 <waiting_input>
    70002444:	639c                	ld	a5,0(a5)
    70002446:	cb91                	beqz	a5,7000245a <try_wakeup_input+0x64>
/embryos/chapter12/apps/thread.c:139 (discriminator 1)
    70002448:	fe440793          	addi	a5,s0,-28
    7000244c:	853e                	mv	a0,a5
    7000244e:	00000097          	auipc	ra,0x0
    70002452:	0a0080e7          	jalr	160(ra) # 700024ee <input_q_pop>
    70002456:	87aa                	mv	a5,a0
/embryos/chapter12/apps/thread.c:139 (discriminator 2)
    70002458:	f7c5                	bnez	a5,70002400 <try_wakeup_input+0xa>
/embryos/chapter12/apps/thread.c:146
    }
}
    7000245a:	0001                	nop
    7000245c:	60e2                	ld	ra,24(sp)
    7000245e:	6442                	ld	s0,16(sp)
    70002460:	6105                	addi	sp,sp,32
    70002462:	8082                	ret

0000000070002464 <input_q_push>:
input_q_push():
/embryos/chapter12/apps/thread.c:148

static int input_q_push(int ev) {
    70002464:	1101                	addi	sp,sp,-32
    70002466:	ec06                	sd	ra,24(sp)
    70002468:	e822                	sd	s0,16(sp)
    7000246a:	1000                	addi	s0,sp,32
    7000246c:	87aa                	mv	a5,a0
    7000246e:	fef42623          	sw	a5,-20(s0)
/embryos/chapter12/apps/thread.c:149
    if (input_q_count >= INPUT_Q_CAP) return 0;
    70002472:	00001797          	auipc	a5,0x1
    70002476:	ebe78793          	addi	a5,a5,-322 # 70003330 <input_q_count>
    7000247a:	4398                	lw	a4,0(a5)
    7000247c:	03f00793          	li	a5,63
    70002480:	00e7f463          	bgeu	a5,a4,70002488 <input_q_push+0x24>
/embryos/chapter12/apps/thread.c:149 (discriminator 1)
    70002484:	4781                	li	a5,0
/embryos/chapter12/apps/thread.c:149
    70002486:	a8b9                	j	700024e4 <input_q_push+0x80>
/embryos/chapter12/apps/thread.c:150
    input_q[input_q_tail] = ev;
    70002488:	00001797          	auipc	a5,0x1
    7000248c:	ea478793          	addi	a5,a5,-348 # 7000332c <input_q_tail>
    70002490:	439c                	lw	a5,0(a5)
    70002492:	00001717          	auipc	a4,0x1
    70002496:	d9670713          	addi	a4,a4,-618 # 70003228 <input_q>
    7000249a:	1782                	slli	a5,a5,0x20
    7000249c:	9381                	srli	a5,a5,0x20
    7000249e:	078a                	slli	a5,a5,0x2
    700024a0:	97ba                	add	a5,a5,a4
    700024a2:	fec42703          	lw	a4,-20(s0)
    700024a6:	c398                	sw	a4,0(a5)
/embryos/chapter12/apps/thread.c:151
    input_q_tail = (input_q_tail + 1) % INPUT_Q_CAP;
    700024a8:	00001797          	auipc	a5,0x1
    700024ac:	e8478793          	addi	a5,a5,-380 # 7000332c <input_q_tail>
    700024b0:	439c                	lw	a5,0(a5)
    700024b2:	2785                	addiw	a5,a5,1
    700024b4:	2781                	sext.w	a5,a5
    700024b6:	03f7f793          	andi	a5,a5,63
    700024ba:	0007871b          	sext.w	a4,a5
    700024be:	00001797          	auipc	a5,0x1
    700024c2:	e6e78793          	addi	a5,a5,-402 # 7000332c <input_q_tail>
    700024c6:	c398                	sw	a4,0(a5)
/embryos/chapter12/apps/thread.c:152
    input_q_count++;
    700024c8:	00001797          	auipc	a5,0x1
    700024cc:	e6878793          	addi	a5,a5,-408 # 70003330 <input_q_count>
    700024d0:	439c                	lw	a5,0(a5)
    700024d2:	2785                	addiw	a5,a5,1
    700024d4:	0007871b          	sext.w	a4,a5
    700024d8:	00001797          	auipc	a5,0x1
    700024dc:	e5878793          	addi	a5,a5,-424 # 70003330 <input_q_count>
    700024e0:	c398                	sw	a4,0(a5)
/embryos/chapter12/apps/thread.c:153
    return 1;
    700024e2:	4785                	li	a5,1
/embryos/chapter12/apps/thread.c:154
}
    700024e4:	853e                	mv	a0,a5
    700024e6:	60e2                	ld	ra,24(sp)
    700024e8:	6442                	ld	s0,16(sp)
    700024ea:	6105                	addi	sp,sp,32
    700024ec:	8082                	ret

00000000700024ee <input_q_pop>:
input_q_pop():
/embryos/chapter12/apps/thread.c:156

static int input_q_pop(int *ev) {
    700024ee:	1101                	addi	sp,sp,-32
    700024f0:	ec06                	sd	ra,24(sp)
    700024f2:	e822                	sd	s0,16(sp)
    700024f4:	1000                	addi	s0,sp,32
    700024f6:	fea43423          	sd	a0,-24(s0)
/embryos/chapter12/apps/thread.c:157
    if (input_q_count == 0) return 0;
    700024fa:	00001797          	auipc	a5,0x1
    700024fe:	e3678793          	addi	a5,a5,-458 # 70003330 <input_q_count>
    70002502:	439c                	lw	a5,0(a5)
    70002504:	e399                	bnez	a5,7000250a <input_q_pop+0x1c>
/embryos/chapter12/apps/thread.c:157 (discriminator 1)
    70002506:	4781                	li	a5,0
/embryos/chapter12/apps/thread.c:157
    70002508:	a085                	j	70002568 <input_q_pop+0x7a>
/embryos/chapter12/apps/thread.c:158
    *ev = input_q[input_q_head];
    7000250a:	00001797          	auipc	a5,0x1
    7000250e:	e1e78793          	addi	a5,a5,-482 # 70003328 <input_q_head>
    70002512:	439c                	lw	a5,0(a5)
    70002514:	00001717          	auipc	a4,0x1
    70002518:	d1470713          	addi	a4,a4,-748 # 70003228 <input_q>
    7000251c:	1782                	slli	a5,a5,0x20
    7000251e:	9381                	srli	a5,a5,0x20
    70002520:	078a                	slli	a5,a5,0x2
    70002522:	97ba                	add	a5,a5,a4
    70002524:	4398                	lw	a4,0(a5)
    70002526:	fe843783          	ld	a5,-24(s0)
    7000252a:	c398                	sw	a4,0(a5)
/embryos/chapter12/apps/thread.c:159
    input_q_head = (input_q_head + 1) % INPUT_Q_CAP;
    7000252c:	00001797          	auipc	a5,0x1
    70002530:	dfc78793          	addi	a5,a5,-516 # 70003328 <input_q_head>
    70002534:	439c                	lw	a5,0(a5)
    70002536:	2785                	addiw	a5,a5,1
    70002538:	2781                	sext.w	a5,a5
    7000253a:	03f7f793          	andi	a5,a5,63
    7000253e:	0007871b          	sext.w	a4,a5
    70002542:	00001797          	auipc	a5,0x1
    70002546:	de678793          	addi	a5,a5,-538 # 70003328 <input_q_head>
    7000254a:	c398                	sw	a4,0(a5)
/embryos/chapter12/apps/thread.c:160
    input_q_count--;
    7000254c:	00001797          	auipc	a5,0x1
    70002550:	de478793          	addi	a5,a5,-540 # 70003330 <input_q_count>
    70002554:	439c                	lw	a5,0(a5)
    70002556:	37fd                	addiw	a5,a5,-1
    70002558:	0007871b          	sext.w	a4,a5
    7000255c:	00001797          	auipc	a5,0x1
    70002560:	dd478793          	addi	a5,a5,-556 # 70003330 <input_q_count>
    70002564:	c398                	sw	a4,0(a5)
/embryos/chapter12/apps/thread.c:161
    return 1;
    70002566:	4785                	li	a5,1
/embryos/chapter12/apps/thread.c:162
}
    70002568:	853e                	mv	a0,a5
    7000256a:	60e2                	ld	ra,24(sp)
    7000256c:	6442                	ld	s0,16(sp)
    7000256e:	6105                	addi	sp,sp,32
    70002570:	8082                	ret

0000000070002572 <reap_zombies>:
reap_zombies():
/embryos/chapter12/apps/thread.c:164

static void reap_zombies(void) {
    70002572:	1101                	addi	sp,sp,-32
    70002574:	ec06                	sd	ra,24(sp)
    70002576:	e822                	sd	s0,16(sp)
    70002578:	1000                	addi	s0,sp,32
/embryos/chapter12/apps/thread.c:165
    while (zombie_list) {
    7000257a:	a091                	j	700025be <reap_zombies+0x4c>
/embryos/chapter12/apps/thread.c:166
        thread_t *z = zombie_list;
    7000257c:	00001797          	auipc	a5,0x1
    70002580:	ddc78793          	addi	a5,a5,-548 # 70003358 <zombie_list>
    70002584:	639c                	ld	a5,0(a5)
    70002586:	fef43423          	sd	a5,-24(s0)
/embryos/chapter12/apps/thread.c:167
        zombie_list = z->next;
    7000258a:	fe843783          	ld	a5,-24(s0)
    7000258e:	7f98                	ld	a4,56(a5)
    70002590:	00001797          	auipc	a5,0x1
    70002594:	dc878793          	addi	a5,a5,-568 # 70003358 <zombie_list>
    70002598:	e398                	sd	a4,0(a5)
/embryos/chapter12/apps/thread.c:168
        if (z->stack_base) free(z->stack_base);
    7000259a:	fe843783          	ld	a5,-24(s0)
    7000259e:	679c                	ld	a5,8(a5)
    700025a0:	cb89                	beqz	a5,700025b2 <reap_zombies+0x40>
/embryos/chapter12/apps/thread.c:168 (discriminator 1)
    700025a2:	fe843783          	ld	a5,-24(s0)
    700025a6:	679c                	ld	a5,8(a5)
    700025a8:	853e                	mv	a0,a5
    700025aa:	00000097          	auipc	ra,0x0
    700025ae:	c10080e7          	jalr	-1008(ra) # 700021ba <free>
/embryos/chapter12/apps/thread.c:169
        free(z);
    700025b2:	fe843503          	ld	a0,-24(s0)
    700025b6:	00000097          	auipc	ra,0x0
    700025ba:	c04080e7          	jalr	-1020(ra) # 700021ba <free>
/embryos/chapter12/apps/thread.c:165
    while (zombie_list) {
    700025be:	00001797          	auipc	a5,0x1
    700025c2:	d9a78793          	addi	a5,a5,-614 # 70003358 <zombie_list>
    700025c6:	639c                	ld	a5,0(a5)
    700025c8:	fbd5                	bnez	a5,7000257c <reap_zombies+0xa>
/embryos/chapter12/apps/thread.c:171
    }
}
    700025ca:	0001                	nop
    700025cc:	0001                	nop
    700025ce:	60e2                	ld	ra,24(sp)
    700025d0:	6442                	ld	s0,16(sp)
    700025d2:	6105                	addi	sp,sp,32
    700025d4:	8082                	ret

00000000700025d6 <schedule>:
schedule():
/embryos/chapter12/apps/thread.c:174

// Main scheduler
static void schedule(void) {
    700025d6:	7139                	addi	sp,sp,-64
    700025d8:	fc06                	sd	ra,56(sp)
    700025da:	f822                	sd	s0,48(sp)
    700025dc:	0080                	addi	s0,sp,64
/embryos/chapter12/apps/thread.c:177
    while (1) {
        // Only reap if we're not currently still executing on a dying thread's stack
        if (current_thread) {
    700025de:	00001797          	auipc	a5,0x1
    700025e2:	d7278793          	addi	a5,a5,-654 # 70003350 <current_thread>
    700025e6:	639c                	ld	a5,0(a5)
    700025e8:	c789                	beqz	a5,700025f2 <schedule+0x1c>
/embryos/chapter12/apps/thread.c:178
            reap_zombies();
    700025ea:	00000097          	auipc	ra,0x0
    700025ee:	f88080e7          	jalr	-120(ra) # 70002572 <reap_zombies>
/embryos/chapter12/apps/thread.c:182
        }

        // First, wake timed events and deliver any already-buffered input
        wakeup_sleeping_threads();
    700025f2:	00000097          	auipc	ra,0x0
    700025f6:	d92080e7          	jalr	-622(ra) # 70002384 <wakeup_sleeping_threads>
/embryos/chapter12/apps/thread.c:183
        try_wakeup_input();
    700025fa:	00000097          	auipc	ra,0x0
    700025fe:	dfc080e7          	jalr	-516(ra) # 700023f6 <try_wakeup_input>
/embryos/chapter12/apps/thread.c:186

        // Run a runnable thread if one exists
        thread_t *next = dequeue_runnable();
    70002602:	00000097          	auipc	ra,0x0
    70002606:	c74080e7          	jalr	-908(ra) # 70002276 <dequeue_runnable>
    7000260a:	fea43423          	sd	a0,-24(s0)
/embryos/chapter12/apps/thread.c:187
        if (next) {
    7000260e:	fe843783          	ld	a5,-24(s0)
    70002612:	c3e9                	beqz	a5,700026d4 <schedule+0xfe>
/embryos/chapter12/apps/thread.c:188
            if (next == current_thread) return;
    70002614:	00001797          	auipc	a5,0x1
    70002618:	d3c78793          	addi	a5,a5,-708 # 70003350 <current_thread>
    7000261c:	639c                	ld	a5,0(a5)
    7000261e:	fe843703          	ld	a4,-24(s0)
    70002622:	1cf70e63          	beq	a4,a5,700027fe <schedule+0x228>
/embryos/chapter12/apps/thread.c:190

            thread_t *prev = current_thread;
    70002626:	00001797          	auipc	a5,0x1
    7000262a:	d2a78793          	addi	a5,a5,-726 # 70003350 <current_thread>
    7000262e:	639c                	ld	a5,0(a5)
    70002630:	fcf43423          	sd	a5,-56(s0)
/embryos/chapter12/apps/thread.c:191
            current_thread = next;
    70002634:	00001797          	auipc	a5,0x1
    70002638:	d1c78793          	addi	a5,a5,-740 # 70003350 <current_thread>
    7000263c:	fe843703          	ld	a4,-24(s0)
    70002640:	e398                	sd	a4,0(a5)
/embryos/chapter12/apps/thread.c:193

            if (!prev) {
    70002642:	fc843783          	ld	a5,-56(s0)
    70002646:	e3b9                	bnez	a5,7000268c <schedule+0xb6>
/embryos/chapter12/apps/thread.c:195
                static void *dummy_sp;
                if (!next->started) {
    70002648:	fe843783          	ld	a5,-24(s0)
    7000264c:	4bbc                	lw	a5,80(a5)
    7000264e:	e395                	bnez	a5,70002672 <schedule+0x9c>
/embryos/chapter12/apps/thread.c:196
                    next->started = 1;
    70002650:	fe843783          	ld	a5,-24(s0)
    70002654:	4705                	li	a4,1
    70002656:	cbb8                	sw	a4,80(a5)
/embryos/chapter12/apps/thread.c:197
                    ctx_start(&dummy_sp, next->sp);
    70002658:	fe843783          	ld	a5,-24(s0)
    7000265c:	6f9c                	ld	a5,24(a5)
    7000265e:	85be                	mv	a1,a5
    70002660:	00001517          	auipc	a0,0x1
    70002664:	d0850513          	addi	a0,a0,-760 # 70003368 <dummy_sp.0>
    70002668:	ffffe097          	auipc	ra,0xffffe
    7000266c:	a4c080e7          	jalr	-1460(ra) # 700000b4 <ctx_start>
/embryos/chapter12/apps/thread.c:207
                next->started = 1;
                ctx_start(&prev->sp, next->sp);
            } else {
                ctx_switch(&prev->sp, next->sp);
            }
            return;
    70002670:	aa41                	j	70002800 <schedule+0x22a>
/embryos/chapter12/apps/thread.c:199
                    ctx_switch(&dummy_sp, next->sp);
    70002672:	fe843783          	ld	a5,-24(s0)
    70002676:	6f9c                	ld	a5,24(a5)
    70002678:	85be                	mv	a1,a5
    7000267a:	00001517          	auipc	a0,0x1
    7000267e:	cee50513          	addi	a0,a0,-786 # 70003368 <dummy_sp.0>
    70002682:	ffffe097          	auipc	ra,0xffffe
    70002686:	9f2080e7          	jalr	-1550(ra) # 70000074 <ctx_switch>
/embryos/chapter12/apps/thread.c:207
            return;
    7000268a:	aa9d                	j	70002800 <schedule+0x22a>
/embryos/chapter12/apps/thread.c:201
            } else if (!next->started) {
    7000268c:	fe843783          	ld	a5,-24(s0)
    70002690:	4bbc                	lw	a5,80(a5)
    70002692:	e39d                	bnez	a5,700026b8 <schedule+0xe2>
/embryos/chapter12/apps/thread.c:202
                next->started = 1;
    70002694:	fe843783          	ld	a5,-24(s0)
    70002698:	4705                	li	a4,1
    7000269a:	cbb8                	sw	a4,80(a5)
/embryos/chapter12/apps/thread.c:203
                ctx_start(&prev->sp, next->sp);
    7000269c:	fc843783          	ld	a5,-56(s0)
    700026a0:	01878713          	addi	a4,a5,24
    700026a4:	fe843783          	ld	a5,-24(s0)
    700026a8:	6f9c                	ld	a5,24(a5)
    700026aa:	85be                	mv	a1,a5
    700026ac:	853a                	mv	a0,a4
    700026ae:	ffffe097          	auipc	ra,0xffffe
    700026b2:	a06080e7          	jalr	-1530(ra) # 700000b4 <ctx_start>
/embryos/chapter12/apps/thread.c:207
            return;
    700026b6:	a2a9                	j	70002800 <schedule+0x22a>
/embryos/chapter12/apps/thread.c:205
                ctx_switch(&prev->sp, next->sp);
    700026b8:	fc843783          	ld	a5,-56(s0)
    700026bc:	01878713          	addi	a4,a5,24
    700026c0:	fe843783          	ld	a5,-24(s0)
    700026c4:	6f9c                	ld	a5,24(a5)
    700026c6:	85be                	mv	a1,a5
    700026c8:	853a                	mv	a0,a4
    700026ca:	ffffe097          	auipc	ra,0xffffe
    700026ce:	9aa080e7          	jalr	-1622(ra) # 70000074 <ctx_switch>
/embryos/chapter12/apps/thread.c:207
            return;
    700026d2:	a23d                	j	70002800 <schedule+0x22a>
/embryos/chapter12/apps/thread.c:212
        }

        // No runnable thread: poll input without blocking first
        {
            int ev = user_get(0);
    700026d4:	4501                	li	a0,0
    700026d6:	ffffe097          	auipc	ra,0xffffe
    700026da:	95e080e7          	jalr	-1698(ra) # 70000034 <user_get>
    700026de:	87aa                	mv	a5,a0
    700026e0:	fef42223          	sw	a5,-28(s0)
/embryos/chapter12/apps/thread.c:213
            if (ev != 0) {
    700026e4:	fe442783          	lw	a5,-28(s0)
    700026e8:	2781                	sext.w	a5,a5
    700026ea:	c3bd                	beqz	a5,70002750 <schedule+0x17a>
/embryos/chapter12/apps/thread.c:214
                if (!input_q_push(ev) && waiting_input) {
    700026ec:	fe442783          	lw	a5,-28(s0)
    700026f0:	853e                	mv	a0,a5
    700026f2:	00000097          	auipc	ra,0x0
    700026f6:	d72080e7          	jalr	-654(ra) # 70002464 <input_q_push>
    700026fa:	87aa                	mv	a5,a0
/embryos/chapter12/apps/thread.c:214 (discriminator 1)
    700026fc:	e7a9                	bnez	a5,70002746 <schedule+0x170>
/embryos/chapter12/apps/thread.c:214 (discriminator 2)
    700026fe:	00001797          	auipc	a5,0x1
    70002702:	c4a78793          	addi	a5,a5,-950 # 70003348 <waiting_input>
    70002706:	639c                	ld	a5,0(a5)
    70002708:	cf9d                	beqz	a5,70002746 <schedule+0x170>
/embryos/chapter12/apps/thread.c:215
                    thread_t *w = waiting_input;
    7000270a:	00001797          	auipc	a5,0x1
    7000270e:	c3e78793          	addi	a5,a5,-962 # 70003348 <waiting_input>
    70002712:	639c                	ld	a5,0(a5)
    70002714:	fcf43823          	sd	a5,-48(s0)
/embryos/chapter12/apps/thread.c:216
                    waiting_input = w->next;
    70002718:	fd043783          	ld	a5,-48(s0)
    7000271c:	7f98                	ld	a4,56(a5)
    7000271e:	00001797          	auipc	a5,0x1
    70002722:	c2a78793          	addi	a5,a5,-982 # 70003348 <waiting_input>
    70002726:	e398                	sd	a4,0(a5)
/embryos/chapter12/apps/thread.c:217
                    w->next = NULL;
    70002728:	fd043783          	ld	a5,-48(s0)
    7000272c:	0207bc23          	sd	zero,56(a5)
/embryos/chapter12/apps/thread.c:218
                    w->input_event = ev;
    70002730:	fd043783          	ld	a5,-48(s0)
    70002734:	fe442703          	lw	a4,-28(s0)
    70002738:	cbf8                	sw	a4,84(a5)
/embryos/chapter12/apps/thread.c:219
                    enqueue_runnable(w);
    7000273a:	fd043503          	ld	a0,-48(s0)
    7000273e:	00000097          	auipc	ra,0x0
    70002742:	ac2080e7          	jalr	-1342(ra) # 70002200 <enqueue_runnable>
/embryos/chapter12/apps/thread.c:221
                }
                try_wakeup_input();
    70002746:	00000097          	auipc	ra,0x0
    7000274a:	cb0080e7          	jalr	-848(ra) # 700023f6 <try_wakeup_input>
/embryos/chapter12/apps/thread.c:222
                continue;
    7000274e:	a07d                	j	700027fc <schedule+0x226>
/embryos/chapter12/apps/thread.c:227
            }
        }

        // If some thread is sleeping, wait until the earliest wakeup
        if (sleeping_queue) {
    70002750:	00001797          	auipc	a5,0x1
    70002754:	bf078793          	addi	a5,a5,-1040 # 70003340 <sleeping_queue>
    70002758:	639c                	ld	a5,0(a5)
    7000275a:	cf89                	beqz	a5,70002774 <schedule+0x19e>
/embryos/chapter12/apps/thread.c:228
            user_sleep(sleeping_queue->wake_time);
    7000275c:	00001797          	auipc	a5,0x1
    70002760:	be478793          	addi	a5,a5,-1052 # 70003340 <sleeping_queue>
    70002764:	639c                	ld	a5,0(a5)
    70002766:	779c                	ld	a5,40(a5)
    70002768:	853e                	mv	a0,a5
    7000276a:	ffffe097          	auipc	ra,0xffffe
    7000276e:	902080e7          	jalr	-1790(ra) # 7000006c <user_sleep>
/embryos/chapter12/apps/thread.c:229
            continue;
    70002772:	a069                	j	700027fc <schedule+0x226>
/embryos/chapter12/apps/thread.c:233
        }

        // Only if there are no sleeping threads left should we block for input
        if (waiting_input) {
    70002774:	00001797          	auipc	a5,0x1
    70002778:	bd478793          	addi	a5,a5,-1068 # 70003348 <waiting_input>
    7000277c:	639c                	ld	a5,0(a5)
    7000277e:	cbbd                	beqz	a5,700027f4 <schedule+0x21e>
/embryos/chapter12/apps/thread.c:234
            int ev = user_get(1);
    70002780:	4505                	li	a0,1
    70002782:	ffffe097          	auipc	ra,0xffffe
    70002786:	8b2080e7          	jalr	-1870(ra) # 70000034 <user_get>
    7000278a:	87aa                	mv	a5,a0
    7000278c:	fef42023          	sw	a5,-32(s0)
/embryos/chapter12/apps/thread.c:235
            if (!input_q_push(ev) && waiting_input) {
    70002790:	fe042783          	lw	a5,-32(s0)
    70002794:	853e                	mv	a0,a5
    70002796:	00000097          	auipc	ra,0x0
    7000279a:	cce080e7          	jalr	-818(ra) # 70002464 <input_q_push>
    7000279e:	87aa                	mv	a5,a0
/embryos/chapter12/apps/thread.c:235 (discriminator 1)
    700027a0:	e7a9                	bnez	a5,700027ea <schedule+0x214>
/embryos/chapter12/apps/thread.c:235 (discriminator 2)
    700027a2:	00001797          	auipc	a5,0x1
    700027a6:	ba678793          	addi	a5,a5,-1114 # 70003348 <waiting_input>
    700027aa:	639c                	ld	a5,0(a5)
    700027ac:	cf9d                	beqz	a5,700027ea <schedule+0x214>
/embryos/chapter12/apps/thread.c:236
                thread_t *w = waiting_input;
    700027ae:	00001797          	auipc	a5,0x1
    700027b2:	b9a78793          	addi	a5,a5,-1126 # 70003348 <waiting_input>
    700027b6:	639c                	ld	a5,0(a5)
    700027b8:	fcf43c23          	sd	a5,-40(s0)
/embryos/chapter12/apps/thread.c:237
                waiting_input = w->next;
    700027bc:	fd843783          	ld	a5,-40(s0)
    700027c0:	7f98                	ld	a4,56(a5)
    700027c2:	00001797          	auipc	a5,0x1
    700027c6:	b8678793          	addi	a5,a5,-1146 # 70003348 <waiting_input>
    700027ca:	e398                	sd	a4,0(a5)
/embryos/chapter12/apps/thread.c:238
                w->next = NULL;
    700027cc:	fd843783          	ld	a5,-40(s0)
    700027d0:	0207bc23          	sd	zero,56(a5)
/embryos/chapter12/apps/thread.c:239
                w->input_event = ev;
    700027d4:	fd843783          	ld	a5,-40(s0)
    700027d8:	fe042703          	lw	a4,-32(s0)
    700027dc:	cbf8                	sw	a4,84(a5)
/embryos/chapter12/apps/thread.c:240
                enqueue_runnable(w);
    700027de:	fd843503          	ld	a0,-40(s0)
    700027e2:	00000097          	auipc	ra,0x0
    700027e6:	a1e080e7          	jalr	-1506(ra) # 70002200 <enqueue_runnable>
/embryos/chapter12/apps/thread.c:242
            }
            try_wakeup_input();
    700027ea:	00000097          	auipc	ra,0x0
    700027ee:	c0c080e7          	jalr	-1012(ra) # 700023f6 <try_wakeup_input>
/embryos/chapter12/apps/thread.c:243
            continue;
    700027f2:	a029                	j	700027fc <schedule+0x226>
/embryos/chapter12/apps/thread.c:247
        }

        // Nothing left to run
        user_exit();
    700027f4:	ffffe097          	auipc	ra,0xffffe
    700027f8:	820080e7          	jalr	-2016(ra) # 70000014 <user_exit>
/embryos/chapter12/apps/thread.c:175
    while (1) {
    700027fc:	b3cd                	j	700025de <schedule+0x8>
/embryos/chapter12/apps/thread.c:188
            if (next == current_thread) return;
    700027fe:	0001                	nop
/embryos/chapter12/apps/thread.c:249
    }
}
    70002800:	70e2                	ld	ra,56(sp)
    70002802:	7442                	ld	s0,48(sp)
    70002804:	6121                	addi	sp,sp,64
    70002806:	8082                	ret

0000000070002808 <exec_user>:
exec_user():
/embryos/chapter12/apps/thread.c:252

// Called when a new thread starts
void exec_user(void) {
    70002808:	1141                	addi	sp,sp,-16
    7000280a:	e406                	sd	ra,8(sp)
    7000280c:	e022                	sd	s0,0(sp)
    7000280e:	0800                	addi	s0,sp,16
/embryos/chapter12/apps/thread.c:253
    current_thread->start_fn(current_thread->start_arg);
    70002810:	00001797          	auipc	a5,0x1
    70002814:	b4078793          	addi	a5,a5,-1216 # 70003350 <current_thread>
    70002818:	639c                	ld	a5,0(a5)
    7000281a:	63bc                	ld	a5,64(a5)
    7000281c:	00001717          	auipc	a4,0x1
    70002820:	b3470713          	addi	a4,a4,-1228 # 70003350 <current_thread>
    70002824:	6318                	ld	a4,0(a4)
    70002826:	6738                	ld	a4,72(a4)
    70002828:	853a                	mv	a0,a4
    7000282a:	9782                	jalr	a5
/embryos/chapter12/apps/thread.c:254
    thread_exit();
    7000282c:	00000097          	auipc	ra,0x0
    70002830:	340080e7          	jalr	832(ra) # 70002b6c <thread_exit>
/embryos/chapter12/apps/thread.c:255
}
    70002834:	0001                	nop
    70002836:	60a2                	ld	ra,8(sp)
    70002838:	6402                	ld	s0,0(sp)
    7000283a:	0141                	addi	sp,sp,16
    7000283c:	8082                	ret

000000007000283e <thread_init>:
thread_init():
/embryos/chapter12/apps/thread.c:258

// Initialize threading system
void thread_init(void) {
    7000283e:	1101                	addi	sp,sp,-32
    70002840:	ec06                	sd	ra,24(sp)
    70002842:	e822                	sd	s0,16(sp)
    70002844:	1000                	addi	s0,sp,32
/embryos/chapter12/apps/thread.c:259
    current_thread = NULL;
    70002846:	00001797          	auipc	a5,0x1
    7000284a:	b0a78793          	addi	a5,a5,-1270 # 70003350 <current_thread>
    7000284e:	0007b023          	sd	zero,0(a5)
/embryos/chapter12/apps/thread.c:260
    runnable_queue = NULL;
    70002852:	00001797          	auipc	a5,0x1
    70002856:	ae678793          	addi	a5,a5,-1306 # 70003338 <runnable_queue>
    7000285a:	0007b023          	sd	zero,0(a5)
/embryos/chapter12/apps/thread.c:261
    sleeping_queue = NULL;
    7000285e:	00001797          	auipc	a5,0x1
    70002862:	ae278793          	addi	a5,a5,-1310 # 70003340 <sleeping_queue>
    70002866:	0007b023          	sd	zero,0(a5)
/embryos/chapter12/apps/thread.c:262
    waiting_input = NULL;
    7000286a:	00001797          	auipc	a5,0x1
    7000286e:	ade78793          	addi	a5,a5,-1314 # 70003348 <waiting_input>
    70002872:	0007b023          	sd	zero,0(a5)
/embryos/chapter12/apps/thread.c:263
    zombie_list = NULL;
    70002876:	00001797          	auipc	a5,0x1
    7000287a:	ae278793          	addi	a5,a5,-1310 # 70003358 <zombie_list>
    7000287e:	0007b023          	sd	zero,0(a5)
/embryos/chapter12/apps/thread.c:264
    input_q_head = input_q_tail = input_q_count = 0;
    70002882:	00001797          	auipc	a5,0x1
    70002886:	aae78793          	addi	a5,a5,-1362 # 70003330 <input_q_count>
    7000288a:	0007a023          	sw	zero,0(a5)
    7000288e:	00001797          	auipc	a5,0x1
    70002892:	aa278793          	addi	a5,a5,-1374 # 70003330 <input_q_count>
    70002896:	4398                	lw	a4,0(a5)
    70002898:	00001797          	auipc	a5,0x1
    7000289c:	a9478793          	addi	a5,a5,-1388 # 7000332c <input_q_tail>
    700028a0:	c398                	sw	a4,0(a5)
    700028a2:	00001797          	auipc	a5,0x1
    700028a6:	a8a78793          	addi	a5,a5,-1398 # 7000332c <input_q_tail>
    700028aa:	4398                	lw	a4,0(a5)
    700028ac:	00001797          	auipc	a5,0x1
    700028b0:	a7c78793          	addi	a5,a5,-1412 # 70003328 <input_q_head>
    700028b4:	c398                	sw	a4,0(a5)
/embryos/chapter12/apps/thread.c:265
    next_tid = 0;
    700028b6:	00001797          	auipc	a5,0x1
    700028ba:	aaa78793          	addi	a5,a5,-1366 # 70003360 <next_tid>
    700028be:	0007a023          	sw	zero,0(a5)
/embryos/chapter12/apps/thread.c:267

    thread_t *main_thread = malloc(sizeof(thread_t));
    700028c2:	05800513          	li	a0,88
    700028c6:	fffff097          	auipc	ra,0xfffff
    700028ca:	71c080e7          	jalr	1820(ra) # 70001fe2 <malloc>
    700028ce:	fea43423          	sd	a0,-24(s0)
/embryos/chapter12/apps/thread.c:268
    if (!main_thread) user_exit();
    700028d2:	fe843783          	ld	a5,-24(s0)
    700028d6:	e789                	bnez	a5,700028e0 <thread_init+0xa2>
/embryos/chapter12/apps/thread.c:268 (discriminator 1)
    700028d8:	ffffd097          	auipc	ra,0xffffd
    700028dc:	73c080e7          	jalr	1852(ra) # 70000014 <user_exit>
/embryos/chapter12/apps/thread.c:270

    main_thread->tid = next_tid++;
    700028e0:	00001797          	auipc	a5,0x1
    700028e4:	a8078793          	addi	a5,a5,-1408 # 70003360 <next_tid>
    700028e8:	439c                	lw	a5,0(a5)
    700028ea:	0017871b          	addiw	a4,a5,1
    700028ee:	0007069b          	sext.w	a3,a4
    700028f2:	00001717          	auipc	a4,0x1
    700028f6:	a6e70713          	addi	a4,a4,-1426 # 70003360 <next_tid>
    700028fa:	c314                	sw	a3,0(a4)
    700028fc:	fe843703          	ld	a4,-24(s0)
    70002900:	c31c                	sw	a5,0(a4)
/embryos/chapter12/apps/thread.c:271
    main_thread->stack_base = NULL;
    70002902:	fe843783          	ld	a5,-24(s0)
    70002906:	0007b423          	sd	zero,8(a5)
/embryos/chapter12/apps/thread.c:272
    main_thread->stack_size = 0;
    7000290a:	fe843783          	ld	a5,-24(s0)
    7000290e:	0007a823          	sw	zero,16(a5)
/embryos/chapter12/apps/thread.c:273
    main_thread->sp = NULL;
    70002912:	fe843783          	ld	a5,-24(s0)
    70002916:	0007bc23          	sd	zero,24(a5)
/embryos/chapter12/apps/thread.c:274
    main_thread->state = THREAD_RUNNABLE;
    7000291a:	fe843783          	ld	a5,-24(s0)
    7000291e:	0207a023          	sw	zero,32(a5)
/embryos/chapter12/apps/thread.c:275
    main_thread->wake_time = 0;
    70002922:	fe843783          	ld	a5,-24(s0)
    70002926:	0207b423          	sd	zero,40(a5)
/embryos/chapter12/apps/thread.c:276
    main_thread->waiting_sema = NULL;
    7000292a:	fe843783          	ld	a5,-24(s0)
    7000292e:	0207b823          	sd	zero,48(a5)
/embryos/chapter12/apps/thread.c:277
    main_thread->next = NULL;
    70002932:	fe843783          	ld	a5,-24(s0)
    70002936:	0207bc23          	sd	zero,56(a5)
/embryos/chapter12/apps/thread.c:278
    main_thread->started = 1;
    7000293a:	fe843783          	ld	a5,-24(s0)
    7000293e:	4705                	li	a4,1
    70002940:	cbb8                	sw	a4,80(a5)
/embryos/chapter12/apps/thread.c:279
    main_thread->start_fn = NULL;
    70002942:	fe843783          	ld	a5,-24(s0)
    70002946:	0407b023          	sd	zero,64(a5)
/embryos/chapter12/apps/thread.c:280
    main_thread->start_arg = NULL;
    7000294a:	fe843783          	ld	a5,-24(s0)
    7000294e:	0407b423          	sd	zero,72(a5)
/embryos/chapter12/apps/thread.c:281
    main_thread->input_event = 0;
    70002952:	fe843783          	ld	a5,-24(s0)
    70002956:	0407aa23          	sw	zero,84(a5)
/embryos/chapter12/apps/thread.c:283

    current_thread = main_thread;
    7000295a:	00001797          	auipc	a5,0x1
    7000295e:	9f678793          	addi	a5,a5,-1546 # 70003350 <current_thread>
    70002962:	fe843703          	ld	a4,-24(s0)
    70002966:	e398                	sd	a4,0(a5)
/embryos/chapter12/apps/thread.c:284
}
    70002968:	0001                	nop
    7000296a:	60e2                	ld	ra,24(sp)
    7000296c:	6442                	ld	s0,16(sp)
    7000296e:	6105                	addi	sp,sp,32
    70002970:	8082                	ret

0000000070002972 <thread_create>:
thread_create():
/embryos/chapter12/apps/thread.c:287

// Create a new thread
void thread_create(void (*f)(void *), void *arg, unsigned int stack_size) {
    70002972:	715d                	addi	sp,sp,-80
    70002974:	e486                	sd	ra,72(sp)
    70002976:	e0a2                	sd	s0,64(sp)
    70002978:	0880                	addi	s0,sp,80
    7000297a:	fca43423          	sd	a0,-56(s0)
    7000297e:	fcb43023          	sd	a1,-64(s0)
    70002982:	87b2                	mv	a5,a2
    70002984:	faf42e23          	sw	a5,-68(s0)
/embryos/chapter12/apps/thread.c:288
    unsigned char *stack = (unsigned char *)malloc(stack_size);
    70002988:	fbc46783          	lwu	a5,-68(s0)
    7000298c:	853e                	mv	a0,a5
    7000298e:	fffff097          	auipc	ra,0xfffff
    70002992:	654080e7          	jalr	1620(ra) # 70001fe2 <malloc>
    70002996:	fea43423          	sd	a0,-24(s0)
/embryos/chapter12/apps/thread.c:289
    if (!stack) user_exit();
    7000299a:	fe843783          	ld	a5,-24(s0)
    7000299e:	e789                	bnez	a5,700029a8 <thread_create+0x36>
/embryos/chapter12/apps/thread.c:289 (discriminator 1)
    700029a0:	ffffd097          	auipc	ra,0xffffd
    700029a4:	674080e7          	jalr	1652(ra) # 70000014 <user_exit>
/embryos/chapter12/apps/thread.c:291

    thread_t *t = (thread_t *)malloc(sizeof(thread_t));
    700029a8:	05800513          	li	a0,88
    700029ac:	fffff097          	auipc	ra,0xfffff
    700029b0:	636080e7          	jalr	1590(ra) # 70001fe2 <malloc>
    700029b4:	fea43023          	sd	a0,-32(s0)
/embryos/chapter12/apps/thread.c:292
    if (!t) {
    700029b8:	fe043783          	ld	a5,-32(s0)
    700029bc:	eb99                	bnez	a5,700029d2 <thread_create+0x60>
/embryos/chapter12/apps/thread.c:293
        free(stack);
    700029be:	fe843503          	ld	a0,-24(s0)
    700029c2:	fffff097          	auipc	ra,0xfffff
    700029c6:	7f8080e7          	jalr	2040(ra) # 700021ba <free>
/embryos/chapter12/apps/thread.c:294
        user_exit();
    700029ca:	ffffd097          	auipc	ra,0xffffd
    700029ce:	64a080e7          	jalr	1610(ra) # 70000014 <user_exit>
/embryos/chapter12/apps/thread.c:297
    }

    t->tid = next_tid++;
    700029d2:	00001797          	auipc	a5,0x1
    700029d6:	98e78793          	addi	a5,a5,-1650 # 70003360 <next_tid>
    700029da:	439c                	lw	a5,0(a5)
    700029dc:	0017871b          	addiw	a4,a5,1
    700029e0:	0007069b          	sext.w	a3,a4
    700029e4:	00001717          	auipc	a4,0x1
    700029e8:	97c70713          	addi	a4,a4,-1668 # 70003360 <next_tid>
    700029ec:	c314                	sw	a3,0(a4)
    700029ee:	fe043703          	ld	a4,-32(s0)
    700029f2:	c31c                	sw	a5,0(a4)
/embryos/chapter12/apps/thread.c:298
    t->stack_base = stack;
    700029f4:	fe043783          	ld	a5,-32(s0)
    700029f8:	fe843703          	ld	a4,-24(s0)
    700029fc:	e798                	sd	a4,8(a5)
/embryos/chapter12/apps/thread.c:299
    t->stack_size = stack_size;
    700029fe:	fe043783          	ld	a5,-32(s0)
    70002a02:	fbc42703          	lw	a4,-68(s0)
    70002a06:	cb98                	sw	a4,16(a5)
/embryos/chapter12/apps/thread.c:300
    t->state = THREAD_RUNNABLE;
    70002a08:	fe043783          	ld	a5,-32(s0)
    70002a0c:	0207a023          	sw	zero,32(a5)
/embryos/chapter12/apps/thread.c:301
    t->wake_time = 0;
    70002a10:	fe043783          	ld	a5,-32(s0)
    70002a14:	0207b423          	sd	zero,40(a5)
/embryos/chapter12/apps/thread.c:302
    t->waiting_sema = NULL;
    70002a18:	fe043783          	ld	a5,-32(s0)
    70002a1c:	0207b823          	sd	zero,48(a5)
/embryos/chapter12/apps/thread.c:303
    t->next = NULL;
    70002a20:	fe043783          	ld	a5,-32(s0)
    70002a24:	0207bc23          	sd	zero,56(a5)
/embryos/chapter12/apps/thread.c:304
    t->start_fn = f;
    70002a28:	fe043783          	ld	a5,-32(s0)
    70002a2c:	fc843703          	ld	a4,-56(s0)
    70002a30:	e3b8                	sd	a4,64(a5)
/embryos/chapter12/apps/thread.c:305
    t->start_arg = arg;
    70002a32:	fe043783          	ld	a5,-32(s0)
    70002a36:	fc043703          	ld	a4,-64(s0)
    70002a3a:	e7b8                	sd	a4,72(a5)
/embryos/chapter12/apps/thread.c:306
    t->started = 0;
    70002a3c:	fe043783          	ld	a5,-32(s0)
    70002a40:	0407a823          	sw	zero,80(a5)
/embryos/chapter12/apps/thread.c:307
    t->input_event = 0;
    70002a44:	fe043783          	ld	a5,-32(s0)
    70002a48:	0407aa23          	sw	zero,84(a5)
/embryos/chapter12/apps/thread.c:309

    unsigned char *sp = stack + stack_size;
    70002a4c:	fbc46783          	lwu	a5,-68(s0)
    70002a50:	fe843703          	ld	a4,-24(s0)
    70002a54:	97ba                	add	a5,a5,a4
    70002a56:	fcf43c23          	sd	a5,-40(s0)
/embryos/chapter12/apps/thread.c:310
    sp = (unsigned char *)((unsigned long)sp & ~15UL);
    70002a5a:	fd843783          	ld	a5,-40(s0)
    70002a5e:	9bc1                	andi	a5,a5,-16
    70002a60:	fcf43c23          	sd	a5,-40(s0)
/embryos/chapter12/apps/thread.c:311
    t->sp = sp;
    70002a64:	fe043783          	ld	a5,-32(s0)
    70002a68:	fd843703          	ld	a4,-40(s0)
    70002a6c:	ef98                	sd	a4,24(a5)
/embryos/chapter12/apps/thread.c:313

    enqueue_runnable(t);
    70002a6e:	fe043503          	ld	a0,-32(s0)
    70002a72:	fffff097          	auipc	ra,0xfffff
    70002a76:	78e080e7          	jalr	1934(ra) # 70002200 <enqueue_runnable>
/embryos/chapter12/apps/thread.c:314
}
    70002a7a:	0001                	nop
    70002a7c:	60a6                	ld	ra,72(sp)
    70002a7e:	6406                	ld	s0,64(sp)
    70002a80:	6161                	addi	sp,sp,80
    70002a82:	8082                	ret

0000000070002a84 <thread_yield>:
thread_yield():
/embryos/chapter12/apps/thread.c:317

// Yield control
void thread_yield(void) {
    70002a84:	1101                	addi	sp,sp,-32
    70002a86:	ec06                	sd	ra,24(sp)
    70002a88:	e822                	sd	s0,16(sp)
    70002a8a:	1000                	addi	s0,sp,32
/embryos/chapter12/apps/thread.c:318
    thread_t *prev = current_thread;
    70002a8c:	00001797          	auipc	a5,0x1
    70002a90:	8c478793          	addi	a5,a5,-1852 # 70003350 <current_thread>
    70002a94:	639c                	ld	a5,0(a5)
    70002a96:	fef43423          	sd	a5,-24(s0)
/embryos/chapter12/apps/thread.c:319
    if (prev) {
    70002a9a:	fe843783          	ld	a5,-24(s0)
    70002a9e:	c799                	beqz	a5,70002aac <thread_yield+0x28>
/embryos/chapter12/apps/thread.c:320
        enqueue_runnable(prev);
    70002aa0:	fe843503          	ld	a0,-24(s0)
    70002aa4:	fffff097          	auipc	ra,0xfffff
    70002aa8:	75c080e7          	jalr	1884(ra) # 70002200 <enqueue_runnable>
/embryos/chapter12/apps/thread.c:322
    }
    schedule();
    70002aac:	00000097          	auipc	ra,0x0
    70002ab0:	b2a080e7          	jalr	-1238(ra) # 700025d6 <schedule>
/embryos/chapter12/apps/thread.c:323
}
    70002ab4:	0001                	nop
    70002ab6:	60e2                	ld	ra,24(sp)
    70002ab8:	6442                	ld	s0,16(sp)
    70002aba:	6105                	addi	sp,sp,32
    70002abc:	8082                	ret

0000000070002abe <thread_sleep>:
thread_sleep():
/embryos/chapter12/apps/thread.c:326

// Sleep until deadline
void thread_sleep(uint64_t deadline) {
    70002abe:	7179                	addi	sp,sp,-48
    70002ac0:	f406                	sd	ra,40(sp)
    70002ac2:	f022                	sd	s0,32(sp)
    70002ac4:	1800                	addi	s0,sp,48
    70002ac6:	fca43c23          	sd	a0,-40(s0)
/embryos/chapter12/apps/thread.c:327
    thread_t *prev = current_thread;
    70002aca:	00001797          	auipc	a5,0x1
    70002ace:	88678793          	addi	a5,a5,-1914 # 70003350 <current_thread>
    70002ad2:	639c                	ld	a5,0(a5)
    70002ad4:	fef43423          	sd	a5,-24(s0)
/embryos/chapter12/apps/thread.c:328
    if (prev) {
    70002ad8:	fe843783          	ld	a5,-24(s0)
    70002adc:	cb89                	beqz	a5,70002aee <thread_sleep+0x30>
/embryos/chapter12/apps/thread.c:329
        enqueue_sleeping(prev, deadline);
    70002ade:	fd843583          	ld	a1,-40(s0)
    70002ae2:	fe843503          	ld	a0,-24(s0)
    70002ae6:	fffff097          	auipc	ra,0xfffff
    70002aea:	7d2080e7          	jalr	2002(ra) # 700022b8 <enqueue_sleeping>
/embryos/chapter12/apps/thread.c:331
    }
    schedule();
    70002aee:	00000097          	auipc	ra,0x0
    70002af2:	ae8080e7          	jalr	-1304(ra) # 700025d6 <schedule>
/embryos/chapter12/apps/thread.c:332
}
    70002af6:	0001                	nop
    70002af8:	70a2                	ld	ra,40(sp)
    70002afa:	7402                	ld	s0,32(sp)
    70002afc:	6145                	addi	sp,sp,48
    70002afe:	8082                	ret

0000000070002b00 <thread_get>:
thread_get():
/embryos/chapter12/apps/thread.c:335

// Wait for input
int thread_get(void) {
    70002b00:	1101                	addi	sp,sp,-32
    70002b02:	ec06                	sd	ra,24(sp)
    70002b04:	e822                	sd	s0,16(sp)
    70002b06:	1000                	addi	s0,sp,32
/embryos/chapter12/apps/thread.c:337
    int ev;
    if (input_q_pop(&ev)) {
    70002b08:	fe440793          	addi	a5,s0,-28
    70002b0c:	853e                	mv	a0,a5
    70002b0e:	00000097          	auipc	ra,0x0
    70002b12:	9e0080e7          	jalr	-1568(ra) # 700024ee <input_q_pop>
    70002b16:	87aa                	mv	a5,a0
/embryos/chapter12/apps/thread.c:337 (discriminator 1)
    70002b18:	c781                	beqz	a5,70002b20 <thread_get+0x20>
/embryos/chapter12/apps/thread.c:338
        return ev;
    70002b1a:	fe442783          	lw	a5,-28(s0)
    70002b1e:	a091                	j	70002b62 <thread_get+0x62>
/embryos/chapter12/apps/thread.c:341
    }

    thread_t *self = current_thread;
    70002b20:	00001797          	auipc	a5,0x1
    70002b24:	83078793          	addi	a5,a5,-2000 # 70003350 <current_thread>
    70002b28:	639c                	ld	a5,0(a5)
    70002b2a:	fef43423          	sd	a5,-24(s0)
/embryos/chapter12/apps/thread.c:342
    self->state = THREAD_WAITING_INPUT;
    70002b2e:	fe843783          	ld	a5,-24(s0)
    70002b32:	4709                	li	a4,2
    70002b34:	d398                	sw	a4,32(a5)
/embryos/chapter12/apps/thread.c:343
    self->next = waiting_input;
    70002b36:	00001797          	auipc	a5,0x1
    70002b3a:	81278793          	addi	a5,a5,-2030 # 70003348 <waiting_input>
    70002b3e:	6398                	ld	a4,0(a5)
    70002b40:	fe843783          	ld	a5,-24(s0)
    70002b44:	ff98                	sd	a4,56(a5)
/embryos/chapter12/apps/thread.c:344
    waiting_input = self;
    70002b46:	00001797          	auipc	a5,0x1
    70002b4a:	80278793          	addi	a5,a5,-2046 # 70003348 <waiting_input>
    70002b4e:	fe843703          	ld	a4,-24(s0)
    70002b52:	e398                	sd	a4,0(a5)
/embryos/chapter12/apps/thread.c:346

    schedule();
    70002b54:	00000097          	auipc	ra,0x0
    70002b58:	a82080e7          	jalr	-1406(ra) # 700025d6 <schedule>
/embryos/chapter12/apps/thread.c:347
    return self->input_event;
    70002b5c:	fe843783          	ld	a5,-24(s0)
    70002b60:	4bfc                	lw	a5,84(a5)
/embryos/chapter12/apps/thread.c:348
}
    70002b62:	853e                	mv	a0,a5
    70002b64:	60e2                	ld	ra,24(sp)
    70002b66:	6442                	ld	s0,16(sp)
    70002b68:	6105                	addi	sp,sp,32
    70002b6a:	8082                	ret

0000000070002b6c <thread_exit>:
thread_exit():
/embryos/chapter12/apps/thread.c:351

// Exit current thread
void thread_exit(void) {
    70002b6c:	1101                	addi	sp,sp,-32
    70002b6e:	ec06                	sd	ra,24(sp)
    70002b70:	e822                	sd	s0,16(sp)
    70002b72:	1000                	addi	s0,sp,32
/embryos/chapter12/apps/thread.c:352
    thread_t *prev = current_thread;
    70002b74:	00000797          	auipc	a5,0x0
    70002b78:	7dc78793          	addi	a5,a5,2012 # 70003350 <current_thread>
    70002b7c:	639c                	ld	a5,0(a5)
    70002b7e:	fef43423          	sd	a5,-24(s0)
/embryos/chapter12/apps/thread.c:353
    current_thread = NULL;
    70002b82:	00000797          	auipc	a5,0x0
    70002b86:	7ce78793          	addi	a5,a5,1998 # 70003350 <current_thread>
    70002b8a:	0007b023          	sd	zero,0(a5)
/embryos/chapter12/apps/thread.c:355

    if (prev) {
    70002b8e:	fe843783          	ld	a5,-24(s0)
    70002b92:	c785                	beqz	a5,70002bba <thread_exit+0x4e>
/embryos/chapter12/apps/thread.c:356
        prev->state = THREAD_DEAD;
    70002b94:	fe843783          	ld	a5,-24(s0)
    70002b98:	4711                	li	a4,4
    70002b9a:	d398                	sw	a4,32(a5)
/embryos/chapter12/apps/thread.c:357
        prev->next = zombie_list;
    70002b9c:	00000797          	auipc	a5,0x0
    70002ba0:	7bc78793          	addi	a5,a5,1980 # 70003358 <zombie_list>
    70002ba4:	6398                	ld	a4,0(a5)
    70002ba6:	fe843783          	ld	a5,-24(s0)
    70002baa:	ff98                	sd	a4,56(a5)
/embryos/chapter12/apps/thread.c:358
        zombie_list = prev;
    70002bac:	00000797          	auipc	a5,0x0
    70002bb0:	7ac78793          	addi	a5,a5,1964 # 70003358 <zombie_list>
    70002bb4:	fe843703          	ld	a4,-24(s0)
    70002bb8:	e398                	sd	a4,0(a5)
/embryos/chapter12/apps/thread.c:361
    }

    schedule();
    70002bba:	00000097          	auipc	ra,0x0
    70002bbe:	a1c080e7          	jalr	-1508(ra) # 700025d6 <schedule>
/embryos/chapter12/apps/thread.c:362
    user_exit();
    70002bc2:	ffffd097          	auipc	ra,0xffffd
    70002bc6:	452080e7          	jalr	1106(ra) # 70000014 <user_exit>
/embryos/chapter12/apps/thread.c:363
}
    70002bca:	0001                	nop
    70002bcc:	60e2                	ld	ra,24(sp)
    70002bce:	6442                	ld	s0,16(sp)
    70002bd0:	6105                	addi	sp,sp,32
    70002bd2:	8082                	ret

0000000070002bd4 <sema_create>:
sema_create():
/embryos/chapter12/apps/thread.c:366

// Create a semaphore
struct sema *sema_create(unsigned int count) {
    70002bd4:	7179                	addi	sp,sp,-48
    70002bd6:	f406                	sd	ra,40(sp)
    70002bd8:	f022                	sd	s0,32(sp)
    70002bda:	1800                	addi	s0,sp,48
    70002bdc:	87aa                	mv	a5,a0
    70002bde:	fcf42e23          	sw	a5,-36(s0)
/embryos/chapter12/apps/thread.c:367
    struct sema *s = (struct sema *)malloc(sizeof(struct sema));
    70002be2:	4541                	li	a0,16
    70002be4:	fffff097          	auipc	ra,0xfffff
    70002be8:	3fe080e7          	jalr	1022(ra) # 70001fe2 <malloc>
    70002bec:	fea43423          	sd	a0,-24(s0)
/embryos/chapter12/apps/thread.c:368
    if (!s) user_exit();
    70002bf0:	fe843783          	ld	a5,-24(s0)
    70002bf4:	e789                	bnez	a5,70002bfe <sema_create+0x2a>
/embryos/chapter12/apps/thread.c:368 (discriminator 1)
    70002bf6:	ffffd097          	auipc	ra,0xffffd
    70002bfa:	41e080e7          	jalr	1054(ra) # 70000014 <user_exit>
/embryos/chapter12/apps/thread.c:370

    s->count = count;
    70002bfe:	fe843783          	ld	a5,-24(s0)
    70002c02:	fdc42703          	lw	a4,-36(s0)
    70002c06:	c398                	sw	a4,0(a5)
/embryos/chapter12/apps/thread.c:371
    s->waiting_list = NULL;
    70002c08:	fe843783          	ld	a5,-24(s0)
    70002c0c:	0007b423          	sd	zero,8(a5)
/embryos/chapter12/apps/thread.c:372
    return s;
    70002c10:	fe843783          	ld	a5,-24(s0)
/embryos/chapter12/apps/thread.c:373
}
    70002c14:	853e                	mv	a0,a5
    70002c16:	70a2                	ld	ra,40(sp)
    70002c18:	7402                	ld	s0,32(sp)
    70002c1a:	6145                	addi	sp,sp,48
    70002c1c:	8082                	ret

0000000070002c1e <sema_inc>:
sema_inc():
/embryos/chapter12/apps/thread.c:376

// Increment semaphore
void sema_inc(struct sema *sema) {
    70002c1e:	7179                	addi	sp,sp,-48
    70002c20:	f406                	sd	ra,40(sp)
    70002c22:	f022                	sd	s0,32(sp)
    70002c24:	1800                	addi	s0,sp,48
    70002c26:	fca43c23          	sd	a0,-40(s0)
/embryos/chapter12/apps/thread.c:377
    if (!sema) return;
    70002c2a:	fd843783          	ld	a5,-40(s0)
    70002c2e:	cba9                	beqz	a5,70002c80 <sema_inc+0x62>
/embryos/chapter12/apps/thread.c:379

    if (sema->waiting_list) {
    70002c30:	fd843783          	ld	a5,-40(s0)
    70002c34:	679c                	ld	a5,8(a5)
    70002c36:	cb9d                	beqz	a5,70002c6c <sema_inc+0x4e>
/embryos/chapter12/apps/thread.c:380
        thread_t *waiter = sema->waiting_list;
    70002c38:	fd843783          	ld	a5,-40(s0)
    70002c3c:	679c                	ld	a5,8(a5)
    70002c3e:	fef43423          	sd	a5,-24(s0)
/embryos/chapter12/apps/thread.c:381
        sema->waiting_list = waiter->next;
    70002c42:	fe843783          	ld	a5,-24(s0)
    70002c46:	7f98                	ld	a4,56(a5)
    70002c48:	fd843783          	ld	a5,-40(s0)
    70002c4c:	e798                	sd	a4,8(a5)
/embryos/chapter12/apps/thread.c:382
        waiter->next = NULL;
    70002c4e:	fe843783          	ld	a5,-24(s0)
    70002c52:	0207bc23          	sd	zero,56(a5)
/embryos/chapter12/apps/thread.c:383
        waiter->waiting_sema = NULL;
    70002c56:	fe843783          	ld	a5,-24(s0)
    70002c5a:	0207b823          	sd	zero,48(a5)
/embryos/chapter12/apps/thread.c:384
        enqueue_runnable(waiter);
    70002c5e:	fe843503          	ld	a0,-24(s0)
    70002c62:	fffff097          	auipc	ra,0xfffff
    70002c66:	59e080e7          	jalr	1438(ra) # 70002200 <enqueue_runnable>
    70002c6a:	a821                	j	70002c82 <sema_inc+0x64>
/embryos/chapter12/apps/thread.c:386
    } else {
        sema->count++;
    70002c6c:	fd843783          	ld	a5,-40(s0)
    70002c70:	439c                	lw	a5,0(a5)
    70002c72:	2785                	addiw	a5,a5,1
    70002c74:	0007871b          	sext.w	a4,a5
    70002c78:	fd843783          	ld	a5,-40(s0)
    70002c7c:	c398                	sw	a4,0(a5)
    70002c7e:	a011                	j	70002c82 <sema_inc+0x64>
/embryos/chapter12/apps/thread.c:377
    if (!sema) return;
    70002c80:	0001                	nop
/embryos/chapter12/apps/thread.c:388
    }
}
    70002c82:	70a2                	ld	ra,40(sp)
    70002c84:	7402                	ld	s0,32(sp)
    70002c86:	6145                	addi	sp,sp,48
    70002c88:	8082                	ret

0000000070002c8a <sema_dec>:
sema_dec():
/embryos/chapter12/apps/thread.c:391

// Decrement semaphore
void sema_dec(struct sema *sema) {
    70002c8a:	7179                	addi	sp,sp,-48
    70002c8c:	f406                	sd	ra,40(sp)
    70002c8e:	f022                	sd	s0,32(sp)
    70002c90:	1800                	addi	s0,sp,48
    70002c92:	fca43c23          	sd	a0,-40(s0)
/embryos/chapter12/apps/thread.c:392
    if (!sema) return;
    70002c96:	fd843783          	ld	a5,-40(s0)
    70002c9a:	c3b5                	beqz	a5,70002cfe <sema_dec+0x74>
/embryos/chapter12/apps/thread.c:394

    if (sema->count > 0) {
    70002c9c:	fd843783          	ld	a5,-40(s0)
    70002ca0:	439c                	lw	a5,0(a5)
    70002ca2:	cb99                	beqz	a5,70002cb8 <sema_dec+0x2e>
/embryos/chapter12/apps/thread.c:395
        sema->count--;
    70002ca4:	fd843783          	ld	a5,-40(s0)
    70002ca8:	439c                	lw	a5,0(a5)
    70002caa:	37fd                	addiw	a5,a5,-1
    70002cac:	0007871b          	sext.w	a4,a5
    70002cb0:	fd843783          	ld	a5,-40(s0)
    70002cb4:	c398                	sw	a4,0(a5)
/embryos/chapter12/apps/thread.c:396
        return;
    70002cb6:	a0a9                	j	70002d00 <sema_dec+0x76>
/embryos/chapter12/apps/thread.c:399
    }

    thread_t *prev = current_thread;
    70002cb8:	00000797          	auipc	a5,0x0
    70002cbc:	69878793          	addi	a5,a5,1688 # 70003350 <current_thread>
    70002cc0:	639c                	ld	a5,0(a5)
    70002cc2:	fef43423          	sd	a5,-24(s0)
/embryos/chapter12/apps/thread.c:400
    if (prev) {
    70002cc6:	fe843783          	ld	a5,-24(s0)
    70002cca:	c78d                	beqz	a5,70002cf4 <sema_dec+0x6a>
/embryos/chapter12/apps/thread.c:401
        prev->state = THREAD_WAITING_SEMA;
    70002ccc:	fe843783          	ld	a5,-24(s0)
    70002cd0:	470d                	li	a4,3
    70002cd2:	d398                	sw	a4,32(a5)
/embryos/chapter12/apps/thread.c:402
        prev->waiting_sema = sema;
    70002cd4:	fe843783          	ld	a5,-24(s0)
    70002cd8:	fd843703          	ld	a4,-40(s0)
    70002cdc:	fb98                	sd	a4,48(a5)
/embryos/chapter12/apps/thread.c:403
        prev->next = sema->waiting_list;
    70002cde:	fd843783          	ld	a5,-40(s0)
    70002ce2:	6798                	ld	a4,8(a5)
    70002ce4:	fe843783          	ld	a5,-24(s0)
    70002ce8:	ff98                	sd	a4,56(a5)
/embryos/chapter12/apps/thread.c:404
        sema->waiting_list = prev;
    70002cea:	fd843783          	ld	a5,-40(s0)
    70002cee:	fe843703          	ld	a4,-24(s0)
    70002cf2:	e798                	sd	a4,8(a5)
/embryos/chapter12/apps/thread.c:407
    }

    schedule();
    70002cf4:	00000097          	auipc	ra,0x0
    70002cf8:	8e2080e7          	jalr	-1822(ra) # 700025d6 <schedule>
    70002cfc:	a011                	j	70002d00 <sema_dec+0x76>
/embryos/chapter12/apps/thread.c:392
    if (!sema) return;
    70002cfe:	0001                	nop
/embryos/chapter12/apps/thread.c:408
}
    70002d00:	70a2                	ld	ra,40(sp)
    70002d02:	7402                	ld	s0,32(sp)
    70002d04:	6145                	addi	sp,sp,48
    70002d06:	8082                	ret

0000000070002d08 <sema_release>:
sema_release():
/embryos/chapter12/apps/thread.c:411

// Release semaphore
void sema_release(struct sema *sema) {
    70002d08:	7179                	addi	sp,sp,-48
    70002d0a:	f406                	sd	ra,40(sp)
    70002d0c:	f022                	sd	s0,32(sp)
    70002d0e:	1800                	addi	s0,sp,48
    70002d10:	fca43c23          	sd	a0,-40(s0)
/embryos/chapter12/apps/thread.c:412
    if (!sema) return;
    70002d14:	fd843783          	ld	a5,-40(s0)
    70002d18:	c7b1                	beqz	a5,70002d64 <sema_release+0x5c>
/embryos/chapter12/apps/thread.c:414

    while (sema->waiting_list) {
    70002d1a:	a815                	j	70002d4e <sema_release+0x46>
/embryos/chapter12/apps/thread.c:415
        thread_t *waiter = sema->waiting_list;
    70002d1c:	fd843783          	ld	a5,-40(s0)
    70002d20:	679c                	ld	a5,8(a5)
    70002d22:	fef43423          	sd	a5,-24(s0)
/embryos/chapter12/apps/thread.c:416
        sema->waiting_list = waiter->next;
    70002d26:	fe843783          	ld	a5,-24(s0)
    70002d2a:	7f98                	ld	a4,56(a5)
    70002d2c:	fd843783          	ld	a5,-40(s0)
    70002d30:	e798                	sd	a4,8(a5)
/embryos/chapter12/apps/thread.c:417
        waiter->next = NULL;
    70002d32:	fe843783          	ld	a5,-24(s0)
    70002d36:	0207bc23          	sd	zero,56(a5)
/embryos/chapter12/apps/thread.c:418
        waiter->waiting_sema = NULL;
    70002d3a:	fe843783          	ld	a5,-24(s0)
    70002d3e:	0207b823          	sd	zero,48(a5)
/embryos/chapter12/apps/thread.c:419
        enqueue_runnable(waiter);
    70002d42:	fe843503          	ld	a0,-24(s0)
    70002d46:	fffff097          	auipc	ra,0xfffff
    70002d4a:	4ba080e7          	jalr	1210(ra) # 70002200 <enqueue_runnable>
/embryos/chapter12/apps/thread.c:414
    while (sema->waiting_list) {
    70002d4e:	fd843783          	ld	a5,-40(s0)
    70002d52:	679c                	ld	a5,8(a5)
    70002d54:	f7e1                	bnez	a5,70002d1c <sema_release+0x14>
/embryos/chapter12/apps/thread.c:422
    }

    free(sema);
    70002d56:	fd843503          	ld	a0,-40(s0)
    70002d5a:	fffff097          	auipc	ra,0xfffff
    70002d5e:	460080e7          	jalr	1120(ra) # 700021ba <free>
    70002d62:	a011                	j	70002d66 <sema_release+0x5e>
/embryos/chapter12/apps/thread.c:412
    if (!sema) return;
    70002d64:	0001                	nop
/embryos/chapter12/apps/thread.c:423
    70002d66:	70a2                	ld	ra,40(sp)
    70002d68:	7402                	ld	s0,32(sp)
    70002d6a:	6145                	addi	sp,sp,48
    70002d6c:	8082                	ret

0000000070002d6e <read>:
read():
/embryos/chapter12/apps/cat.c:5
#include "syslib.h"
#include "stdio.h"
#include "dir.h"

void read(char *file) {
    70002d6e:	7179                	addi	sp,sp,-48
    70002d70:	f406                	sd	ra,40(sp)
    70002d72:	f022                	sd	s0,32(sp)
    70002d74:	1800                	addi	s0,sp,48
    70002d76:	fca43c23          	sd	a0,-40(s0)
/embryos/chapter12/apps/cat.c:6
    int f = dir_lookup(file);
    70002d7a:	fd843503          	ld	a0,-40(s0)
    70002d7e:	ffffe097          	auipc	ra,0xffffe
    70002d82:	17c080e7          	jalr	380(ra) # 70000efa <dir_lookup>
    70002d86:	87aa                	mv	a5,a0
    70002d88:	fef42423          	sw	a5,-24(s0)
/embryos/chapter12/apps/cat.c:7
    if (f < 0) {
    70002d8c:	fe842783          	lw	a5,-24(s0)
    70002d90:	2781                	sext.w	a5,a5
    70002d92:	0007dd63          	bgez	a5,70002dac <read+0x3e>
/embryos/chapter12/apps/cat.c:8
        printf("%s: No such file\n", file);
    70002d96:	fd843583          	ld	a1,-40(s0)
    70002d9a:	00000517          	auipc	a0,0x0
    70002d9e:	0be50513          	addi	a0,a0,190 # 70002e58 <main+0x60>
    70002da2:	ffffe097          	auipc	ra,0xffffe
    70002da6:	e4c080e7          	jalr	-436(ra) # 70000bee <printf>
/embryos/chapter12/apps/cat.c:9
        return;
    70002daa:	a099                	j	70002df0 <read+0x82>
/embryos/chapter12/apps/cat.c:11
    }
    for (int off = 0;; off++) {
    70002dac:	fe042623          	sw	zero,-20(s0)
/embryos/chapter12/apps/cat.c:13
        char c;
        if (user_read(f, off, &c, 1) != 1) break;
    70002db0:	fe740613          	addi	a2,s0,-25
    70002db4:	fec42703          	lw	a4,-20(s0)
    70002db8:	fe842783          	lw	a5,-24(s0)
    70002dbc:	4685                	li	a3,1
    70002dbe:	85ba                	mv	a1,a4
    70002dc0:	853e                	mv	a0,a5
    70002dc2:	ffffd097          	auipc	ra,0xffffd
    70002dc6:	282080e7          	jalr	642(ra) # 70000044 <user_read>
    70002dca:	87aa                	mv	a5,a0
    70002dcc:	873e                	mv	a4,a5
/embryos/chapter12/apps/cat.c:13 (discriminator 1)
    70002dce:	4785                	li	a5,1
    70002dd0:	00f71f63          	bne	a4,a5,70002dee <read+0x80>
/embryos/chapter12/apps/cat.c:14
        putchar(c);
    70002dd4:	fe744783          	lbu	a5,-25(s0)
    70002dd8:	853e                	mv	a0,a5
    70002dda:	fffff097          	auipc	ra,0xfffff
    70002dde:	192080e7          	jalr	402(ra) # 70001f6c <putchar>
/embryos/chapter12/apps/cat.c:11
    for (int off = 0;; off++) {
    70002de2:	fec42783          	lw	a5,-20(s0)
    70002de6:	2785                	addiw	a5,a5,1
    70002de8:	fef42623          	sw	a5,-20(s0)
    70002dec:	b7d1                	j	70002db0 <read+0x42>
/embryos/chapter12/apps/cat.c:13
        if (user_read(f, off, &c, 1) != 1) break;
    70002dee:	0001                	nop
/embryos/chapter12/apps/cat.c:16
    }
}
    70002df0:	70a2                	ld	ra,40(sp)
    70002df2:	7402                	ld	s0,32(sp)
    70002df4:	6145                	addi	sp,sp,48
    70002df6:	8082                	ret

0000000070002df8 <main>:
main():
/embryos/chapter12/apps/cat.c:18

void main(int argc, char **argv) {
    70002df8:	7179                	addi	sp,sp,-48
    70002dfa:	f406                	sd	ra,40(sp)
    70002dfc:	f022                	sd	s0,32(sp)
    70002dfe:	1800                	addi	s0,sp,48
    70002e00:	87aa                	mv	a5,a0
    70002e02:	fcb43823          	sd	a1,-48(s0)
    70002e06:	fcf42e23          	sw	a5,-36(s0)
/embryos/chapter12/apps/cat.c:19
    for (int i = 1; i < argc; i++) read(argv[i]);
    70002e0a:	4785                	li	a5,1
    70002e0c:	fef42623          	sw	a5,-20(s0)
    70002e10:	a015                	j	70002e34 <main+0x3c>
/embryos/chapter12/apps/cat.c:19 (discriminator 4)
    70002e12:	fec42783          	lw	a5,-20(s0)
    70002e16:	078e                	slli	a5,a5,0x3
    70002e18:	fd043703          	ld	a4,-48(s0)
    70002e1c:	97ba                	add	a5,a5,a4
    70002e1e:	639c                	ld	a5,0(a5)
    70002e20:	853e                	mv	a0,a5
    70002e22:	00000097          	auipc	ra,0x0
    70002e26:	f4c080e7          	jalr	-180(ra) # 70002d6e <read>
    70002e2a:	fec42783          	lw	a5,-20(s0)
    70002e2e:	2785                	addiw	a5,a5,1
    70002e30:	fef42623          	sw	a5,-20(s0)
/embryos/chapter12/apps/cat.c:19 (discriminator 3)
    70002e34:	fec42783          	lw	a5,-20(s0)
    70002e38:	873e                	mv	a4,a5
    70002e3a:	fdc42783          	lw	a5,-36(s0)
    70002e3e:	2701                	sext.w	a4,a4
    70002e40:	2781                	sext.w	a5,a5
    70002e42:	fcf748e3          	blt	a4,a5,70002e12 <main+0x1a>
/embryos/chapter12/apps/cat.c:20
}
    70002e46:	0001                	nop
    70002e48:	0001                	nop
    70002e4a:	70a2                	ld	ra,40(sp)
    70002e4c:	7402                	ld	s0,32(sp)
    70002e4e:	6145                	addi	sp,sp,48
    70002e50:	8082                	ret
    70002e52:	0000                	unimp
    70002e54:	0000                	unimp
    70002e56:	0000                	unimp
    70002e58:	7325                	lui	t1,0xfffe9
    70002e5a:	203a                	.insn	2, 0x203a
    70002e5c:	6f4e                	ld	t5,208(sp)
    70002e5e:	7320                	ld	s0,96(a4)
    70002e60:	6375                	lui	t1,0x1d
    70002e62:	2068                	.insn	2, 0x2068
    70002e64:	6966                	ld	s2,88(sp)
    70002e66:	656c                	ld	a1,200(a0)
    70002e68:	000a                	c.slli	zero,0x2
